unique_id,first_name,surname,dob,city,email,group
0,Robert,Alan,1971-06-24,,robert255@smith.net,0
1,Robert,Allen,1971-05-24,,roberta25@smith.net,0
72.8
0,Robert,Alan,1971-06-24,,robert255@smith.net,0
2,Rob,Allen,1971-06-24,London,roberta25@smith.net,0
63.0
0,Robert,Alan,1971-06-24,,robert255@smith.net,0
3,Robert,Alen,1971-06-24,Lonon,,0
66.2
1,Robert,Allen,1971-05-24,,roberta25@smith.net,0
2,Rob,Allen,1971-06-24,London,roberta25@smith.net,0
78.2
1,Robert,Allen,1971-05-24,,roberta25@smith.net,0
3,Robert,Alen,1971-06-24,Lonon,,0
54.0
2,Rob,Allen,1971-06-24,London,roberta25@smith.net,0
3,Robert,Alen,1971-06-24,Lonon,,0
56.2
2,Rob,Allen,1971-06-24,London,roberta25@smith.net,0
47,Ruby,Robinson,1983-01-31,London,r.robinson41@jones.com,14
52.4
2,Rob,Allen,1971-06-24,London,roberta25@smith.net,0
304,Richards,Ellis,2011-03-24,London,erichards85@hogan.com,88
51.2
2,Rob,Allen,1971-06-24,London,roberta25@smith.net,0
356,Robyn,Williams,1984-07-06,London,rw1@lambert-henry.com,105
54.0
2,Rob,Allen,1971-06-24,London,roberta25@smith.net,0
361,Robyn,Wmlliais,1984-07-06,London,rw1@lambert-henry.com,105
54.0
4,Grace,,1997-04-26,London,grace.kelly52@jones.com,1
5,Grace,Kelly,1991-04-26,,grace.kelly52@jones.com,1
66.0
6,Nathan,Hill,2019-12-01,,nh90@ramos-archer.com,2
7,Nathan,Hill,2019-12-01,Liverpool,nh90@ramos-archer.com,2
93.8
7,Nathan,Hill,2019-12-01,Liverpool,nh90@ramos-archer.com,2
348,Sophie,Miller,2005-10-10,Liverpool,sophie8m28@moeno-ayala.biz,102
50.4
8,Reuben,Henderseon,1995-10-27,Bristol,reubenh@landry.org,3
9,Reben,Henderson,1996-10-26,Bristol,reubenh@landry.org,3
86.0
8,Reuben,Henderseon,1995-10-27,Bristol,reubenh@landry.org,3
10,Reuben,Henderson,1995-10-27,,,3
61.8
8,Reuben,Henderseon,1995-10-27,Bristol,reubenh@landry.org,3
11,Reuben,Henderson,1996-10-28,Bristol,,3
80.8
8,Reuben,Henderseon,1995-10-27,Bristol,reubenh@landry.org,3
12,Reubenn,Henderson,1996-10-24,Bristol,reuenh@landrry.org,3
87.4
8,Reuben,Henderseon,1995-10-27,Bristol,reubenh@landry.org,3
13,Reuben,Henderson,1995-10-27,Bristol,,3
85.2
9,Reben,Henderson,1996-10-26,Bristol,reubenh@landry.org,3
11,Reuben,Henderson,1996-10-28,Bristol,,3
73.8
9,Reben,Henderson,1996-10-26,Bristol,reubenh@landry.org,3
12,Reubenn,Henderson,1996-10-24,Bristol,reuenh@landrry.org,3
83.0
9,Reben,Henderson,1996-10-26,Bristol,reubenh@landry.org,3
13,Reuben,Henderson,1995-10-27,Bristol,,3
71.6
9,Reben,Henderson,1996-10-26,Bristol,reubenh@landry.org,3
146,LewiLs,Hanrrison,1989-08-12,Bristol,lewis.h77@vasquez.org,43
50.6
10,Reuben,Henderson,1995-10-27,,,3
11,Reuben,Henderson,1996-10-28,Bristol,,3
64.2
10,Reuben,Henderson,1995-10-27,,,3
12,Reubenn,Henderson,1996-10-24,Bristol,reuenh@landrry.org,3
60.2
10,Reuben,Henderson,1995-10-27,,,3
13,Reuben,Henderson,1995-10-27,Bristol,,3
68.6
11,Reuben,Henderson,1996-10-28,Bristol,,3
12,Reubenn,Henderson,1996-10-24,Bristol,reuenh@landrry.org,3
85.8
11,Reuben,Henderson,1996-10-28,Bristol,,3
13,Reuben,Henderson,1995-10-27,Bristol,,3
87.6
12,Reubenn,Henderson,1996-10-24,Bristol,reuenh@landrry.org,3
13,Reuben,Henderson,1995-10-27,Bristol,,3
83.6
14,Oscar,Rchards,2012-02-07,,oscarrichards38@copeland.com,4
15,Oscar,,2021-02-06,Manchester,oscarrichards38@copeland.com,4
61.4
16,Amelia,Allen,2018-11-04,Shedffied,ameliaallen84@kirby.com,5
17,Allen,Amelia,2018-11-04,Sheffield,ameliaallen84@kirby.com,5
63.6
16,Amelia,Allen,2018-11-04,Shedffied,ameliaallen84@kirby.com,5
18,Amelia,Allen,2018-11-04,Sheffield,ameliaalen84@kirby.com,5
90.8
16,Amelia,Allen,2018-11-04,Shedffied,ameliaallen84@kirby.com,5
19,Amelia,Allen,2018-11-04,,ameliaallen84@kirby.com,5
92.2
16,Amelia,Allen,2018-11-04,Shedffied,ameliaallen84@kirby.com,5
20,Amelai,Allen,2018-11-04,Sheffield,,5
75.6
17,Allen,Amelia,2018-11-04,Sheffield,ameliaallen84@kirby.com,5
18,Amelia,Allen,2018-11-04,Sheffield,ameliaalen84@kirby.com,5
59.8
17,Allen,Amelia,2018-11-04,Sheffield,ameliaallen84@kirby.com,5
19,Amelia,Allen,2018-11-04,,ameliaallen84@kirby.com,5
51.2
17,Allen,Amelia,2018-11-04,Sheffield,ameliaallen84@kirby.com,5
20,Amelai,Allen,2018-11-04,Sheffield,,5
52.6
18,Amelia,Allen,2018-11-04,Sheffield,ameliaalen84@kirby.com,5
19,Amelia,Allen,2018-11-04,,ameliaallen84@kirby.com,5
78.4
18,Amelia,Allen,2018-11-04,Sheffield,ameliaalen84@kirby.com,5
20,Amelai,Allen,2018-11-04,Sheffield,,5
85.6
19,Amelia,Allen,2018-11-04,,ameliaallen84@kirby.com,5
20,Amelai,Allen,2018-11-04,Sheffield,,5
63.2
21,Maxx,,1973-06-10,,max.henderson43@oneill-white.com,6
25,Max,Henderson,1972-06-10,,max.henderson43@oneili-whlte.com,6
59.4
22,Henderson,Max,1972-06-10,Warrington,max.henderson43@oneill-white.com,6
23,,Henderson,1972-05-12,Warrington,max.henderson43@oneill-white.com,6
60.6
23,,Henderson,1972-05-12,Warrington,max.henderson43@oneill-white.com,6
24,,Henderson,1972-06-10,Warrington,,6
62.4
23,,Henderson,1972-05-12,Warrington,max.henderson43@oneill-white.com,6
25,Max,Henderson,1972-06-10,,max.henderson43@oneili-whlte.com,6
59.6
25,Max,Henderson,1972-06-10,,max.henderson43@oneili-whlte.com,6
26,Max,,1972-06-10,Warrington,,6
52.2
28,Gracie,,2006-09-14,,gnj@la.e.om,8
30,Gracie,James,2016-10-10,Sheffield,g.j@lane.com,8
50.2
28,Gracie,,2006-09-14,,gnj@la.e.om,8
31,Gracie,James,2006-09-14,Sheffield,g.j@lane.com,8
59.0
28,Gracie,,2006-09-14,,gnj@la.e.om,8
32,Gricae,James,2006-09-14,Sheffield,g.j@lane.com,8
51.0
28,Gracie,,2006-09-14,,gnj@la.e.om,8
33,Gracie,James,2016-09-11,Shelfief,g.j@lane.com,8
54.6
29,James,Gracie,2006-09-14,Sleffiehd,g.j@lane.com,8
30,Gracie,James,2016-10-10,Sheffield,g.j@lane.com,8
52.8
29,James,Gracie,2006-09-14,Sleffiehd,g.j@lane.com,8
31,Gracie,James,2006-09-14,Sheffield,g.j@lane.com,8
61.6
29,James,Gracie,2006-09-14,Sleffiehd,g.j@lane.com,8
32,Gricae,James,2006-09-14,Sheffield,g.j@lane.com,8
61.6
29,James,Gracie,2006-09-14,Sleffiehd,g.j@lane.com,8
33,Gracie,James,2016-09-11,Shelfief,g.j@lane.com,8
52.0
30,Gracie,James,2016-10-10,Sheffield,g.j@lane.com,8
31,Gracie,James,2006-09-14,Sheffield,g.j@lane.com,8
106.6
30,Gracie,James,2016-10-10,Sheffield,g.j@lane.com,8
32,Gricae,James,2006-09-14,Sheffield,g.j@lane.com,8
98.6
30,Gracie,James,2016-10-10,Sheffield,g.j@lane.com,8
33,Gracie,James,2016-09-11,Shelfief,g.j@lane.com,8
101.4
31,Gracie,James,2006-09-14,Sheffield,g.j@lane.com,8
32,Gricae,James,2006-09-14,Sheffield,g.j@lane.com,8
107.4
31,Gracie,James,2006-09-14,Sheffield,g.j@lane.com,8
33,Gracie,James,2016-09-11,Shelfief,g.j@lane.com,8
103.6
32,Gricae,James,2006-09-14,Sheffield,g.j@lane.com,8
33,Gracie,James,2016-09-11,Shelfief,g.j@lane.com,8
95.6
34,Felicity,,1983-06-12,Cardiff,f.stevens89@lyons.biz,9
35,Felicity,Stevens,1983-07-13,Carddff,,9
60.6
34,Felicity,,1983-06-12,Cardiff,f.stevens89@lyons.biz,9
36,Felicity,,1982-06-11,Cardiff,,9
64.0
34,Felicity,,1983-06-12,Cardiff,f.stevens89@lyons.biz,9
37,Felicity,Steens,1982-08-12,Cardif,f.stevens89@lyons.biz,9
81.6
35,Felicity,Stevens,1983-07-13,Carddff,,9
36,Felicity,,1982-06-11,Cardiff,,9
58.4
35,Felicity,Stevens,1983-07-13,Carddff,,9
37,Felicity,Steens,1982-08-12,Cardif,f.stevens89@lyons.biz,9
65.0
36,Felicity,,1982-06-11,Cardiff,,9
37,Felicity,Steens,1982-08-12,Cardif,f.stevens89@lyons.biz,9
60.6
38,Jack,Bishop,1974-04-20,Brighton,jackobishop@booth.c.m,10
39,Jacc,Bishop,1974-04-20,Brighton,,10
89.0
43,Isla,,1975-08-25,Birmingham,islaoliver@matthews-edwards.com,13
44,Isla,Oliver,1975-08-24,Birmingham,,13
68.8
43,Isla,,1975-08-25,Birmingham,islaoliver@matthews-edwards.com,13
45,Isla,Oliver,1975-08-24,,islaoliver@matthes-edwards.com,13
58.0
43,Isla,,1975-08-25,Birmingham,islaoliver@matthews-edwards.com,13
46,Isla,,1975-08-24,,islaoliver@matthdws-edwares.com,13
66.0
44,Isla,Oliver,1975-08-24,Birmingham,,13
45,Isla,Oliver,1975-08-24,,islaoliver@matthes-edwards.com,13
72.8
44,Isla,Oliver,1975-08-24,Birmingham,,13
161,Harvey,Oliver,1980-10-19,Birmingham,,47
55.0
45,Isla,Oliver,1975-08-24,,islaoliver@matthes-edwards.com,13
46,Isla,,1975-08-24,,islaoliver@matthdws-edwares.com,13
59.4
47,Ruby,Robinson,1983-01-31,London,r.robinson41@jones.com,14
356,Robyn,Williams,1984-07-06,London,rw1@lambert-henry.com,105
53.4
47,Ruby,Robinson,1983-01-31,London,r.robinson41@jones.com,14
361,Robyn,Wmlliais,1984-07-06,London,rw1@lambert-henry.com,105
53.4
48,Evelyn,Roberts,1998-05-11,Mansfield,e.roberts@medina.com,15
50,Eveylyn,Roberts,1988-05-11,Mansfield,e.roberts@medina.com,15
96.8
48,Evelyn,Roberts,1998-05-11,Mansfield,e.roberts@medina.com,15
51,Evelyn,Roberts,1998-05-09,Mansfield,e.roberts@medina.com,15
108.6
50,Eveylyn,Roberts,1988-05-11,Mansfield,e.roberts@medina.com,15
51,Evelyn,Roberts,1998-05-09,Mansfield,e.roberts@medina.com,15
92.4
52,nFaccesna,Russell,2028-01-06,Huddeursfield,,16
53,Francesca,Russell,2018-02-06,Huddersfield,francesca.r@price.com,16
62.0
55,Khan,William,1981-02-07,Salford,wkhan@vaughan.com,17
58,Willliam,Khan,1990-04-05,Salford,wkhan@vaughan.com,17
58.0
56,,Khan,1980-03-09,Salford,,17
58,Willliam,Khan,1990-04-05,Salford,wkhan@vaughan.com,17
65.6
58,Willliam,Khan,1990-04-05,Salford,wkhan@vaughan.com,17
59,William,Khan,1990-03-06,,wkhan@vaughon.cam,17
74.6
60,,Thompson,2014-09-19,London,leo.t16@re.eves.com,18
61,Leo,Thompson,2015-09-17,Londoon,,18
57.2
60,,Thompson,2014-09-19,London,leo.t16@re.eves.com,18
62,Leo,Thompson,2014-09-19,London,leo.t16@reeves.com,18
80.2
60,,Thompson,2014-09-19,London,leo.t16@re.eves.com,18
63,Lo,Thmompson,2014-09-19,Lonoon,lo.t16@reeves.com,18
50.6
60,,Thompson,2014-09-19,London,leo.t16@re.eves.com,18
64,Thompson,Leo,2014-09-19,London,leo.t1sreeve6.covm,18
57.8
61,Leo,Thompson,2015-09-17,Londoon,,18
62,Leo,Thompson,2014-09-19,London,leo.t16@reeves.com,18
87.2
62,Leo,Thompson,2014-09-19,London,leo.t16@reeves.com,18
63,Lo,Thmompson,2014-09-19,Lonoon,lo.t16@reeves.com,18
59.6
62,Leo,Thompson,2014-09-19,London,leo.t16@reeves.com,18
64,Thompson,Leo,2014-09-19,London,leo.t1sreeve6.covm,18
61.2
63,Lo,Thmompson,2014-09-19,Lonoon,lo.t16@reeves.com,18
64,Thompson,Leo,2014-09-19,London,leo.t1sreeve6.covm,18
52.8
64,Thompson,Leo,2014-09-19,London,leo.t1sreeve6.covm,18
418,Riley,Lee,1985-02-13,London,r.lee@fletcher.biz,123
54.0
64,Thompson,Leo,2014-09-19,London,leo.t1sreeve6.covm,18
420,Riley,Lee,1985-02-13,London,,123
52.8
65,,Srpeecnr,2005-07-02,Cclohestecr,gabrielspencer@herman.com,19
66,,Spencre,2005-07-03,Colchester,gabrielspencer@herman.com,19
57.6
67,Freredick,King,2009-09-24,London,frederickking@brennan-long.com,20
308,Frederick,xCox,1972-07-22,London,fc@jackson-farmer.com,89
51.0
69,,Mitchell,1991-01-04,,reggiem67@johnson-baldwin.com,22
70,,Mitchell,1990-02-03,Newcastle-upon-Tyne,reggiem67@johnson-baldwn.com,22
54.8
69,,Mitchell,1991-01-04,,reggiem67@johnson-baldwin.com,22
71,Reggie,Mitchell,1990-01-02,Nawcastle-upon-Tyne,reggiem67@johnson-baldwin.com,22
61.4
69,,Mitchell,1991-01-04,,reggiem67@johnson-baldwin.com,22
73,Reggie,Mitchell,1990-02-03,Newcastle-upon-Tyne,reggiem67@johnson-balmin.cow,22
53.4
69,,Mitchell,1991-01-04,,reggiem67@johnson-baldwin.com,22
74,,Mitchell,1990-02-03,Newcastle-upon-Tyne,reggiem67@johnson-baldwin.com,22
59.2
70,,Mitchell,1990-02-03,Newcastle-upon-Tyne,reggiem67@johnson-baldwn.com,22
71,Reggie,Mitchell,1990-01-02,Nawcastle-upon-Tyne,reggiem67@johnson-baldwin.com,22
77.0
70,,Mitchell,1990-02-03,Newcastle-upon-Tyne,reggiem67@johnson-baldwn.com,22
73,Reggie,Mitchell,1990-02-03,Newcastle-upon-Tyne,reggiem67@johnson-balmin.cow,22
84.8
70,,Mitchell,1990-02-03,Newcastle-upon-Tyne,reggiem67@johnson-baldwn.com,22
74,,Mitchell,1990-02-03,Newcastle-upon-Tyne,reggiem67@johnson-baldwin.com,22
82.6
71,Reggie,Mitchell,1990-01-02,Nawcastle-upon-Tyne,reggiem67@johnson-baldwin.com,22
72,Reggie,iMitchell,1991-01-04,Newcastle-upon-Tyne,,22
64.2
71,Reggie,Mitchell,1990-01-02,Nawcastle-upon-Tyne,reggiem67@johnson-baldwin.com,22
73,Reggie,Mitchell,1990-02-03,Newcastle-upon-Tyne,reggiem67@johnson-balmin.cow,22
99.6
71,Reggie,Mitchell,1990-01-02,Nawcastle-upon-Tyne,reggiem67@johnson-baldwin.com,22
74,,Mitchell,1990-02-03,Newcastle-upon-Tyne,reggiem67@johnson-baldwin.com,22
81.4
72,Reggie,iMitchell,1991-01-04,Newcastle-upon-Tyne,,22
73,Reggie,Mitchell,1990-02-03,Newcastle-upon-Tyne,reggiem67@johnson-balmin.cow,22
63.2
73,Reggie,Mitchell,1990-02-03,Newcastle-upon-Tyne,reggiem67@johnson-balmin.cow,22
74,,Mitchell,1990-02-03,Newcastle-upon-Tyne,reggiem67@johnson-baldwin.com,22
81.2
75,,,1986-02-15,LoLndo,oliviaholmes63@johnson-jones.com,23
77,Olivia,Holmes,1986-02-15,London,oliviaholmes63@johnson-jones.com,23
50.8
75,,,1986-02-15,LoLndo,oliviaholmes63@johnson-jones.com,23
78,Olivia,Holmes,1986-02-15,Lonon,oliviaholmes63@johnson-jones.com,23
50.8
75,,,1986-02-15,LoLndo,oliviaholmes63@johnson-jones.com,23
79,Olivia,Homes,1986-02-15,London,oliviaholmes63@johnson-jones.com,23
50.8
75,,,1986-02-15,LoLndo,oliviaholmes63@johnson-jones.com,23
80,Holmes,Olivia,1986-02-15,Lodnon,oliviaholmes63@johnson-jones.com,23
54.8
76,,,1986-02-15,London,oliviaholmes63@jonnsosn-johes.com,23
77,Olivia,Holmes,1986-02-15,London,oliviaholmes63@johnson-jones.com,23
58.6
76,,,1986-02-15,London,oliviaholmes63@jonnsosn-johes.com,23
79,Olivia,Homes,1986-02-15,London,oliviaholmes63@johnson-jones.com,23
58.6
76,,,1986-02-15,London,oliviaholmes63@jonnsosn-johes.com,23
80,Holmes,Olivia,1986-02-15,Lodnon,oliviaholmes63@johnson-jones.com,23
50.6
77,Olivia,Holmes,1986-02-15,London,oliviaholmes63@johnson-jones.com,23
78,Olivia,Holmes,1986-02-15,Lonon,oliviaholmes63@johnson-jones.com,23
102.8
77,Olivia,Holmes,1986-02-15,London,oliviaholmes63@johnson-jones.com,23
79,Olivia,Homes,1986-02-15,London,oliviaholmes63@johnson-jones.com,23
98.8
77,Olivia,Holmes,1986-02-15,London,oliviaholmes63@johnson-jones.com,23
80,Holmes,Olivia,1986-02-15,Lodnon,oliviaholmes63@johnson-jones.com,23
58.8
77,Olivia,Holmes,1986-02-15,London,oliviaholmes63@johnson-jones.com,23
311,Oliver,Shaw,1999-09-15,London,,91
55.6
78,Olivia,Holmes,1986-02-15,Lonon,oliviaholmes63@johnson-jones.com,23
79,Olivia,Homes,1986-02-15,London,oliviaholmes63@johnson-jones.com,23
86.8
78,Olivia,Holmes,1986-02-15,Lonon,oliviaholmes63@johnson-jones.com,23
80,Holmes,Olivia,1986-02-15,Lodnon,oliviaholmes63@johnson-jones.com,23
50.8
79,Olivia,Homes,1986-02-15,London,oliviaholmes63@johnson-jones.com,23
80,Holmes,Olivia,1986-02-15,Lodnon,oliviaholmes63@johnson-jones.com,23
58.8
79,Olivia,Homes,1986-02-15,London,oliviaholmes63@johnson-jones.com,23
311,Oliver,Shaw,1999-09-15,London,,91
55.6
81,Archie,oJnes,1989-03-21,Birmingham,archie.j8@banks-mcbride.com,24
82,Archie,Jones,1989-04-20,,archie.j8@banks-mcbride.com,24
77.6
83,Vilet,Hopkinps,2017-01-17,London,violet.h@estes.com,25
84,Violet,Hopkins,2007-02-19,London,,25
64.8
83,Vilet,Hopkinps,2017-01-17,London,violet.h@estes.com,25
86,Violet,Hopkins,2007-01-20,London,violet.h@estes.com,25
86.0
83,Vilet,Hopkinps,2017-01-17,London,violet.h@estes.com,25
418,Riley,Lee,1985-02-13,London,r.lee@fletcher.biz,123
51.4
83,Vilet,Hopkinps,2017-01-17,London,violet.h@estes.com,25
419,Riley,,1985-02-13,London,r.lee@fletcher.biz,123
51.4
84,Violet,Hopkins,2007-02-19,London,,25
86,Violet,Hopkins,2007-01-20,London,violet.h@estes.com,25
87.0
88,Ellie,Ward,1983-08-12,Portsmouth,,27
89,Ellie,Ward,1984-07-14,Portsmouth,ew@garcia.net,27
89.4
88,Ellie,Ward,1983-08-12,Portsmouth,,27
90,Ellie,,1993-07-11,Portsmouth,ew@garcia.net,27
62.8
88,Ellie,Ward,1983-08-12,Portsmouth,,27
91,Ellie,Ward,1983-09-12,Portsmouth,e@garcia.net,27
93.8
88,Ellie,Ward,1983-08-12,Portsmouth,,27
92,Ellli,Ward,1983-08-12,Portsmouth,ew@gartia.nec,27
86.0
88,Ellie,Ward,1983-08-12,Portsmouth,,27
93,llie,Ward,1983-07-13,Portsmohtu,ew@garciatne.,27
67.2
88,Ellie,Ward,1983-08-12,Portsmouth,,27
446,Ellis,Hill,2020-03-10,Portsmouth,ellis.hill@frar.ierzcom,131
51.0
89,Ellie,Ward,1984-07-14,Portsmouth,ew@garcia.net,27
90,Ellie,,1993-07-11,Portsmouth,ew@garcia.net,27
84.4
89,Ellie,Ward,1984-07-14,Portsmouth,ew@garcia.net,27
91,Ellie,Ward,1983-09-12,Portsmouth,e@garcia.net,27
91.0
89,Ellie,Ward,1984-07-14,Portsmouth,ew@garcia.net,27
92,Ellli,Ward,1983-08-12,Portsmouth,ew@gartia.nec,27
97.8
89,Ellie,Ward,1984-07-14,Portsmouth,ew@garcia.net,27
93,llie,Ward,1983-07-13,Portsmohtu,ew@garciatne.,27
85.6
89,Ellie,Ward,1984-07-14,Portsmouth,ew@garcia.net,27
446,Ellis,Hill,2020-03-10,Portsmouth,ellis.hill@frar.ierzcom,131
52.8
90,Ellie,,1993-07-11,Portsmouth,ew@garcia.net,27
91,Ellie,Ward,1983-09-12,Portsmouth,e@garcia.net,27
64.4
90,Ellie,,1993-07-11,Portsmouth,ew@garcia.net,27
92,Ellli,Ward,1983-08-12,Portsmouth,ew@gartia.nec,27
71.2
90,Ellie,,1993-07-11,Portsmouth,ew@garcia.net,27
93,llie,Ward,1983-07-13,Portsmohtu,ew@garciatne.,27
59.0
90,Ellie,,1993-07-11,Portsmouth,ew@garcia.net,27
446,Ellis,Hill,2020-03-10,Portsmouth,ellis.hill@frar.ierzcom,131
52.8
91,Ellie,Ward,1983-09-12,Portsmouth,e@garcia.net,27
92,Ellli,Ward,1983-08-12,Portsmouth,ew@gartia.nec,27
85.4
91,Ellie,Ward,1983-09-12,Portsmouth,e@garcia.net,27
93,llie,Ward,1983-07-13,Portsmohtu,ew@garciatne.,27
68.8
91,Ellie,Ward,1983-09-12,Portsmouth,e@garcia.net,27
446,Ellis,Hill,2020-03-10,Portsmouth,ellis.hill@frar.ierzcom,131
52.0
92,Ellli,Ward,1983-08-12,Portsmouth,ew@gartia.nec,27
93,llie,Ward,1983-07-13,Portsmohtu,ew@garciatne.,27
83.8
94,Alexander,Williams,2008-08-01,Preston,,28
95,,Williams,2018-08-29,Preston,alexander.williams@jacobs.biz,28
61.8
94,Alexander,Williams,2008-08-01,Preston,,28
96,Alexandr,Williams,2008-08-01,Preston,alexander.williams@jaobs.abiz,28
86.0
95,,Williams,2018-08-29,Preston,alexander.williams@jacobs.biz,28
96,Alexandr,Williams,2008-08-01,Preston,alexander.williams@jaobs.abiz,28
79.0
97,Lily,Thomson,1985-01-11,Bradford,lt@kim.org,29
99,,,1984-01-13,Bradford,lt@kim.org,29
62.8
97,Lily,Thomson,1985-01-11,Bradford,lt@kim.org,29
100,Lily,Thomson,1983-11-13,Bradford,lt@kim.org,29
110.6
98,Thomson,Lily,1983-12-13,Bradford,lt@kiomrg,29
100,Lily,Thomson,1983-11-13,Bradford,lt@kim.org,29
54.0
99,,,1984-01-13,Bradford,lt@kim.org,29
100,Lily,Thomson,1983-11-13,Bradford,lt@kim.org,29
62.8
101,Ivy,Nichslloon,2009-01-17,Reggdina,,30
102,Iv,Nicholson,2007-12-19,Reading,ivyn@russo.com,30
52.6
102,Iv,Nicholson,2007-12-19,Reading,ivyn@russo.com,30
103,,Nichoson,2007-12-19,Reading,ivyn@russo.com,30
79.6
102,Iv,Nicholson,2007-12-19,Reading,ivyn@russo.com,30
104,Nicholson,Ivy,2007-12-19,Reading,ivyn@russo.com,30
67.2
102,Iv,Nicholson,2007-12-19,Reading,ivyn@russo.com,30
105,,Nicholson,2017-12-16,Reading,ivyn@russo.com,30
85.2
103,,Nichoson,2007-12-19,Reading,ivyn@russo.com,30
104,Nicholson,Ivy,2007-12-19,Reading,ivyn@russo.com,30
67.2
103,,Nichoson,2007-12-19,Reading,ivyn@russo.com,30
105,,Nicholson,2017-12-16,Reading,ivyn@russo.com,30
75.2
104,Nicholson,Ivy,2007-12-19,Reading,ivyn@russo.com,30
105,,Nicholson,2017-12-16,Reading,ivyn@russo.com,30
62.8
106,Florence,Clarke,2015-11-14,Milton,florenceclarke21@sanders-cook.biz,31
108,Florence,Clarke,2006-11-16,Milton,florenceclarke21@sanders-cook.biz,31
107.0
106,Florence,Clarke,2015-11-14,Milton,florenceclarke21@sanders-cook.biz,31
109,Florence,,2005-12-18,Milton,florenceclarke21@sanders-cook.biz,31
83.0
108,Florence,Clarke,2006-11-16,Milton,florenceclarke21@sanders-cook.biz,31
109,Florence,,2005-12-18,Milton,florenceclarke21@sanders-cook.biz,31
83.0
111,Layala,Mccarthy,1975-08-15,London,layla.m7o0@evans.com,33
112,Layla,Mccarhty,1985-08-13,LoLnon,,33
63.0
111,Layala,Mccarthy,1975-08-15,London,layla.m7o0@evans.com,33
113,Lala,Mccarthy,1975-08-13,London,,33
78.8
112,Layla,Mccarhty,1985-08-13,LoLnon,,33
113,Lala,Mccarthy,1975-08-13,London,,33
63.2
114,Jnydea,Graham,2016-11-21,Leicester,jaydengraham62@mitchell-hayden.org,34
115,Jayden,araahGm,2015-12-20,Leicester,jaydengraham62@mitchell-hayden.org,34
81.2
116,Maria,,2010-01-24,Brighton,mariamisomn@greene.baz,35
117,,Maso,2010-01-24,Brighton,mariamason@greene.biz,35
53.6
116,Maria,,2010-01-24,Brighton,mariamisomn@greene.baz,35
119,Maria,,2010-01-24,Brighton,mariamason@greene.bz,35
78.6
116,Maria,,2010-01-24,Brighton,mariamisomn@greene.baz,35
120,Mara,Mason,2010-01-24,Brighton,,35
60.0
116,Maria,,2010-01-24,Brighton,mariamisomn@greene.baz,35
121,Mason,Maria,2009-12-25,Brighton,mariamason@greene.biz,35
52.6
117,,Maso,2010-01-24,Brighton,mariamason@greene.biz,35
119,Maria,,2010-01-24,Brighton,mariamason@greene.bz,35
64.0
117,,Maso,2010-01-24,Brighton,mariamason@greene.biz,35
120,Mara,Mason,2010-01-24,Brighton,,35
65.0
117,,Maso,2010-01-24,Brighton,mariamason@greene.biz,35
121,Mason,Maria,2009-12-25,Brighton,mariamason@greene.biz,35
65.0
118,Maria,,2019-12-23,tBrighton,mariamason@greene.biz,35
119,Maria,,2010-01-24,Brighton,mariamason@greene.bz,35
57.4
119,Maria,,2010-01-24,Brighton,mariamason@greene.bz,35
120,Mara,Mason,2010-01-24,Brighton,,35
60.0
119,Maria,,2010-01-24,Brighton,mariamason@greene.bz,35
121,Mason,Maria,2009-12-25,Brighton,mariamason@greene.biz,35
63.0
120,Mara,Mason,2010-01-24,Brighton,,35
121,Mason,Maria,2009-12-25,Brighton,mariamason@greene.biz,35
54.0
122,Edward,Walker,1982-12-10,Sheffield,edweardw37@moore.net,36
124,Edward,Walker,1973-01-11,,,36
59.2
127,Hugo,Pearson,1970-09-11,Leeds,hugo.pearson89@miller.com,38
128,Hguo,Pearson,1971-09-11,Leeds,,38
81.8
127,Hugo,Pearson,1970-09-11,Leeds,hugo.pearson89@miller.com,38
129,Hugo,,1970-09-11,Leeds,hugo.pearson89e@miller.com,38
85.8
127,Hugo,Pearson,1970-09-11,Leeds,hugo.pearson89@miller.com,38
130,Hugo,,1970-09-11,,hugo.pearson.9@miller8com,38
68.0
128,Hguo,Pearson,1971-09-11,Leeds,,38
129,Hugo,,1970-09-11,Leeds,hugo.pearson89e@miller.com,38
58.4
129,Hugo,,1970-09-11,Leeds,hugo.pearson89e@miller.com,38
130,Hugo,,1970-09-11,,hugo.pearson.9@miller8com,38
60.0
131,Wilson,Charlie,1997-01-21,Belfast,charlie.w@copeland-hebert.com,39
132,Chrlie,,1996-12-22,Belfast,charlie.w@copeland-hebert.com,39
57.6
135,Harley,Giibson,2016-03-29,London,h..gibson@booker-price.biz,41
136,Harley,Gibson,2016-03-29,London,,41
76.8
135,Harley,Giibson,2016-03-29,London,h..gibson@booker-price.biz,41
137,Harley,Gibson,2016-03-29,London,,41
76.8
135,Harley,Giibson,2016-03-29,London,h..gibson@booker-price.biz,41
138,,Gibson,2016-03-29,London,,41
52.8
135,Harley,Giibson,2016-03-29,London,h..gibson@booker-price.biz,41
139,Harley,GGibon,2016-03-29,London,,41
80.2
135,Harley,Giibson,2016-03-29,London,h..gibson@booker-price.biz,41
422,Hart,Max,2006-03-27,London,m.h9@morrison-proctor.com,124
56.2
136,Harley,Gibson,2016-03-29,London,,41
137,Harley,Gibson,2016-03-29,London,,41
94.2
136,Harley,Gibson,2016-03-29,London,,41
138,,Gibson,2016-03-29,London,,41
70.2
136,Harley,Gibson,2016-03-29,London,,41
139,Harley,GGibon,2016-03-29,London,,41
82.2
136,Harley,Gibson,2016-03-29,London,,41
422,Hart,Max,2006-03-27,London,m.h9@morrison-proctor.com,124
53.8
137,Harley,Gibson,2016-03-29,London,,41
138,,Gibson,2016-03-29,London,,41
70.2
137,Harley,Gibson,2016-03-29,London,,41
139,Harley,GGibon,2016-03-29,London,,41
82.2
137,Harley,Gibson,2016-03-29,London,,41
422,Hart,Max,2006-03-27,London,m.h9@morrison-proctor.com,124
53.8
138,,Gibson,2016-03-29,London,,41
139,Harley,GGibon,2016-03-29,London,,41
58.2
139,Harley,GGibon,2016-03-29,London,,41
422,Hart,Max,2006-03-27,London,m.h9@morrison-proctor.com,124
53.8
141,Lewis,Harrison,1989-08-12,Bristol,lewis.h77@vasquez.org,43
142,Lewis,,1989-08-12,Bristol,lewis.h77@vasquez.org,43
91.6
141,Lewis,Harrison,1989-08-12,Bristol,lewis.h77@vasquez.org,43
143,Lewis,Harrison,1989-08-12,,lewis.h77@vasquez.org,43
91.0
141,Lewis,Harrison,1989-08-12,Bristol,lewis.h77@vasquez.org,43
144,Harrison,Lewis,1989-08-12,Bristl,lewis.h77@vsaq@uez.org,43
50.2
141,Lewis,Harrison,1989-08-12,Bristol,lewis.h77@vasquez.org,43
145,Lewis,Harrison,1989-08-12,Bristo,lewis.h77@vasquez.org,43
111.0
141,Lewis,Harrison,1989-08-12,Bristol,lewis.h77@vasquez.org,43
146,LewiLs,Hanrrison,1989-08-12,Bristol,lewis.h77@vasquez.org,43
90.2
142,Lewis,,1989-08-12,Bristol,lewis.h77@vasquez.org,43
143,Lewis,Harrison,1989-08-12,,lewis.h77@vasquez.org,43
68.2
142,Lewis,,1989-08-12,Bristol,lewis.h77@vasquez.org,43
144,Harrison,Lewis,1989-08-12,Bristl,lewis.h77@vsaq@uez.org,43
50.2
142,Lewis,,1989-08-12,Bristol,lewis.h77@vasquez.org,43
145,Lewis,Harrison,1989-08-12,Bristo,lewis.h77@vasquez.org,43
88.2
142,Lewis,,1989-08-12,Bristol,lewis.h77@vasquez.org,43
146,LewiLs,Hanrrison,1989-08-12,Bristol,lewis.h77@vasquez.org,43
82.6
143,Lewis,Harrison,1989-08-12,,lewis.h77@vasquez.org,43
145,Lewis,Harrison,1989-08-12,Bristo,lewis.h77@vasquez.org,43
91.0
143,Lewis,Harrison,1989-08-12,,lewis.h77@vasquez.org,43
146,LewiLs,Hanrrison,1989-08-12,Bristol,lewis.h77@vasquez.org,43
66.8
144,Harrison,Lewis,1989-08-12,Bristl,lewis.h77@vsaq@uez.org,43
145,Lewis,Harrison,1989-08-12,Bristo,lewis.h77@vasquez.org,43
53.6
144,Harrison,Lewis,1989-08-12,Bristl,lewis.h77@vsaq@uez.org,43
146,LewiLs,Hanrrison,1989-08-12,Bristol,lewis.h77@vasquez.org,43
53.0
145,Lewis,Harrison,1989-08-12,Bristo,lewis.h77@vasquez.org,43
146,LewiLs,Hanrrison,1989-08-12,Bristol,lewis.h77@vasquez.org,43
86.8
147,lEeanor,Price,1983-07-24,London,e.price@mccarthy.com,44
148,Eleanor,Price,1983-07-24,London,e.price@mccartahy.com,44
101.8
147,lEeanor,Price,1983-07-24,London,e.price@mccarthy.com,44
149,Eleanor,Preci,1983-07-24,London,e.price@mccarthy.com,44
98.8
148,Eleanor,Price,1983-07-24,London,e.price@mccartahy.com,44
149,Eleanor,Preci,1983-07-24,London,e.price@mccarthy.com,44
98.6
148,Eleanor,Price,1983-07-24,London,e.price@mccartahy.com,44
334,Ehtan,Williams,1972-07-12,London,e.w17@boyd.net,99
50.4
148,Eleanor,Price,1983-07-24,London,e.price@mccartahy.com,44
337,Ethan,Wlliams,1972-07-12,London,e.w17@boyd.net,99
50.4
149,Eleanor,Preci,1983-07-24,London,e.price@mccarthy.com,44
334,Ehtan,Williams,1972-07-12,London,e.w17@boyd.net,99
53.4
149,Eleanor,Preci,1983-07-24,London,e.price@mccarthy.com,44
337,Ethan,Wlliams,1972-07-12,London,e.w17@boyd.net,99
50.6
150,Phoebe,Page,1995-06-29,Lirepool,phoebe.page73@mason-baker.biz,45
151,Phoebe,Page,1995-06-29,,phoebe.page73@mason-baker.biz,45
93.6
150,Phoebe,Page,1995-06-29,Lirepool,phoebe.page73@mason-baker.biz,45
152,Phobee,Page,1995-05-31,,phoebe.page73@mason-baker.biz,45
79.0
150,Phoebe,Page,1995-06-29,Lirepool,phoebe.page73@mason-baker.biz,45
154,Phoebee,,1995-07-29,Liverpool,phoebe.page73@iason-bakerbmz,45
67.2
151,Phoebe,Page,1995-06-29,,phoebe.page73@mason-baker.biz,45
152,Phobee,Page,1995-05-31,,phoebe.page73@mason-baker.biz,45
79.0
151,Phoebe,Page,1995-06-29,,phoebe.page73@mason-baker.biz,45
154,Phoebee,,1995-07-29,Liverpool,phoebe.page73@iason-bakerbmz,45
57.2
153,Phoehbe,,1996-06-28,Liverpool,pphoebe.page73@mason-baker.biz,45
154,Phoebee,,1995-07-29,Liverpool,phoebe.page73@iason-bakerbmz,45
55.2
155,Dylan,,1991-12-12,London,d.wilson@mora.biz,46
157,Dylan,Wilson,2001-12-08,London,d.wilson@mora.b.iz,46
77.8
157,Dylan,Wilson,2001-12-08,London,d.wilson@mora.b.iz,46
328,David,Evan,2003-12-03,London,davide16@white.com,98
50.4
157,Dylan,Wilson,2001-12-08,London,d.wilson@mora.b.iz,46
331,David,Evas,2003-12-03,London,davide16@white.com,98
54.4
158,Oliver,Harvey,1980-10-19,Birminigham,oliverharvey78@holland.net,47
159,,Harvey,1980-10-19,Birmingham,,47
58.2
158,Oliver,Harvey,1980-10-19,Birminigham,oliverharvey78@holland.net,47
160,Oliver,Harvey,1980-10-19,Birmingham,,47
82.2
158,Oliver,Harvey,1980-10-19,Birminigham,oliverharvey78@holland.net,47
161,Harvey,Oliver,1980-10-19,Birmingham,,47
50.2
158,Oliver,Harvey,1980-10-19,Birminigham,oliverharvey78@holland.net,47
162,Oliver,Harvey,1980-10-19,Birmingham,,47
82.2
159,,Harvey,1980-10-19,Birmingham,,47
160,Oliver,Harvey,1980-10-19,Birmingham,,47
68.4
159,,Harvey,1980-10-19,Birmingham,,47
161,Harvey,Oliver,1980-10-19,Birmingham,,47
52.4
159,,Harvey,1980-10-19,Birmingham,,47
162,Oliver,Harvey,1980-10-19,Birmingham,,47
68.4
159,,Harvey,1980-10-19,Birmingham,,47
185,Brown,Harper,1981-10-08,Birmingham,mh.brown94@adams-morrison.net,54
53.8
160,Oliver,Harvey,1980-10-19,Birmingham,,47
161,Harvey,Oliver,1980-10-19,Birmingham,,47
60.4
160,Oliver,Harvey,1980-10-19,Birmingham,,47
162,Oliver,Harvey,1980-10-19,Birmingham,,47
92.4
160,Oliver,Harvey,1980-10-19,Birmingham,,47
185,Brown,Harper,1981-10-08,Birmingham,mh.brown94@adams-morrison.net,54
53.8
161,Harvey,Oliver,1980-10-19,Birmingham,,47
162,Oliver,Harvey,1980-10-19,Birmingham,,47
60.4
161,Harvey,Oliver,1980-10-19,Birmingham,,47
183,Harper,,1981-09-09,Birmingham,h.brown94@adams-morrison.net,54
51.6
162,Oliver,Harvey,1980-10-19,Birmingham,,47
185,Brown,Harper,1981-10-08,Birmingham,mh.brown94@adams-morrison.net,54
53.8
164,ymilE,,2022-12-01,Belfast,emilyb55@patel.com,49
165,EmiEly,laiBey,2013-01-02,Belfas,emilyb55@patel.com,49
60.4
164,ymilE,,2022-12-01,Belfast,emilyb55@patel.com,49
168,Emily,Bailey,2013-01-02,Belfast,emilyb55@patel.com,49
70.8
164,ymilE,,2022-12-01,Belfast,emilyb55@patel.com,49
169,Bailey,Emily,2013-01-02,Belfast,emilyb55@patel.com,49
63.8
165,EmiEly,laiBey,2013-01-02,Belfas,emilyb55@patel.com,49
167,Emily,Bailey,2013-01-02,,emiyb55@pamteloc.m,49
60.8
165,EmiEly,laiBey,2013-01-02,Belfas,emilyb55@patel.com,49
168,Emily,Bailey,2013-01-02,Belfast,emilyb55@patel.com,49
91.4
165,EmiEly,laiBey,2013-01-02,Belfas,emilyb55@patel.com,49
169,Bailey,Emily,2013-01-02,Belfast,emilyb55@patel.com,49
75.4
166,Bailey,Emily,2013-01-02,,emilyb5@patel.com,49
169,Bailey,Emily,2013-01-02,Belfast,emilyb55@patel.com,49
79.4
167,Emily,Bailey,2013-01-02,,emiyb55@pamteloc.m,49
168,Emily,Bailey,2013-01-02,Belfast,emilyb55@patel.com,49
81.8
168,Emily,Bailey,2013-01-02,Belfast,emilyb55@patel.com,49
169,Bailey,Emily,2013-01-02,Belfast,emilyb55@patel.com,49
82.8
170,Benjamin,Graam,2004-08-30,Leeds,benjaming4@banks.com,50
171,menjnaBin,Graham,2004-08-29,,benjaming4@banks.com,50
58.4
170,Benjamin,Graam,2004-08-30,Leeds,benjaming4@banks.com,50
172,Benjamin,Graham,2014-08-27,Leeds,benjaming4@banks.com,50
96.4
170,Benjamin,Graam,2004-08-30,Leeds,benjaming4@banks.com,50
173,Benjamin,Graham,2004-08-29,Leeds,bejaming4@banks.con,50
79.8
170,Benjamin,Graam,2004-08-30,Leeds,benjaming4@banks.com,50
174,Benjamin,Graham,2004-08-29,Leeds,,50
77.6
171,menjnaBin,Graham,2004-08-29,,benjaming4@banks.com,50
172,Benjamin,Graham,2014-08-27,Leeds,benjaming4@banks.com,50
70.4
171,menjnaBin,Graham,2004-08-29,,benjaming4@banks.com,50
173,Benjamin,Graham,2004-08-29,Leeds,bejaming4@banks.con,50
56.0
171,menjnaBin,Graham,2004-08-29,,benjaming4@banks.com,50
174,Benjamin,Graham,2004-08-29,Leeds,,50
53.8
172,Benjamin,Graham,2014-08-27,Leeds,benjaming4@banks.com,50
173,Benjamin,Graham,2004-08-29,Leeds,bejaming4@banks.con,50
91.8
172,Benjamin,Graham,2014-08-27,Leeds,benjaming4@banks.com,50
174,Benjamin,Graham,2004-08-29,Leeds,,50
89.6
173,Benjamin,Graham,2004-08-29,Leeds,bejaming4@banks.con,50
174,Benjamin,Graham,2004-08-29,Leeds,,50
94.0
175,Luke,,1996-10-12,Belfast,l.hall25@ayala.com,51
176,Lkue,Hall,1996-09-12,Belfast,l.hall25@ayala.com,51
75.8
175,Luke,,1996-10-12,Belfast,l.hall25@ayala.com,51
178,Luke,Hall,1996-09-12,Belfat,l.hall25@ayala.com,51
82.2
175,Luke,,1996-10-12,Belfast,l.hall25@ayala.com,51
180,Luke,Hall,1996-09-10,Belfast,l.hall25@ayala.com,51
86.8
176,Lkue,Hall,1996-09-12,Belfast,l.hall25@ayala.com,51
178,Luke,Hall,1996-09-12,Belfat,l.hall25@ayala.com,51
100.0
176,Lkue,Hall,1996-09-12,Belfast,l.hall25@ayala.com,51
180,Luke,Hall,1996-09-10,Belfast,l.hall25@ayala.com,51
104.6
176,Lkue,Hall,1996-09-12,Belfast,l.hall25@ayala.com,51
198,,Hart,1996-09-14,Belfast,thea.h20@keith.com,58
65.0
176,Lkue,Hall,1996-09-12,Belfast,l.hall25@ayala.com,51
199,Thea,Hart,1986-07-19,Belfast,thea.h20@keith.com,58
60.6
176,Lkue,Hall,1996-09-12,Belfast,l.hall25@ayala.com,51
200,The,Hart,1986-08-19,Belfast,thea.h20@keith.com,58
60.6
178,Luke,Hall,1996-09-12,Belfat,l.hall25@ayala.com,51
180,Luke,Hall,1996-09-10,Belfast,l.hall25@ayala.com,51
111.0
178,Luke,Hall,1996-09-12,Belfat,l.hall25@ayala.com,51
198,,Hart,1996-09-14,Belfast,thea.h20@keith.com,58
58.2
178,Luke,Hall,1996-09-12,Belfat,l.hall25@ayala.com,51
199,Thea,Hart,1986-07-19,Belfast,thea.h20@keith.com,58
53.8
178,Luke,Hall,1996-09-12,Belfat,l.hall25@ayala.com,51
200,The,Hart,1986-08-19,Belfast,thea.h20@keith.com,58
53.8
180,Luke,Hall,1996-09-10,Belfast,l.hall25@ayala.com,51
198,,Hart,1996-09-14,Belfast,thea.h20@keith.com,58
65.0
180,Luke,Hall,1996-09-10,Belfast,l.hall25@ayala.com,51
199,Thea,Hart,1986-07-19,Belfast,thea.h20@keith.com,58
60.6
180,Luke,Hall,1996-09-10,Belfast,l.hall25@ayala.com,51
200,The,Hart,1986-08-19,Belfast,thea.h20@keith.com,58
60.6
183,Harper,,1981-09-09,Birmingham,h.brown94@adams-morrison.net,54
184,Harper,Brown,1981-10-08,Biirmingham,h.brown94@adams-morrison.net,54
64.4
184,Harper,Brown,1981-10-08,Biirmingham,h.brown94@adams-morrison.net,54
186,,Brown,1981-10-08,Birmingham,,54
51.2
186,,Brown,1981-10-08,Birmingham,,54
300,Holy,Brown,1982-03-03,Birmingham,,87
60.6
186,,Brown,1981-10-08,Birmingham,,54
301,Holly,Brown,1982-03-03,Birmingham,,87
60.6
187,Benjamin,Ali,1992-10-28,Wolverhampton,benjamina@white.com,55
188,Benjamin,,1992-10-28,Wolverhampton,benjamina@white.com,55
87.8
187,Benjamin,Ali,1992-10-28,Wolverhampton,benjamina@white.com,55
189,Benmjin,Ali,1992-09-28,Woverhampton,,55
59.8
187,Benjamin,Ali,1992-10-28,Wolverhampton,benjamina@white.com,55
190,Benjamin,Ali,1992-11-26,Wolverhampton,benjamina@white.com,55
113.4
188,Benjamin,,1992-10-28,Wolverhampton,benjamina@white.com,55
190,Benjamin,Ali,1992-11-26,Wolverhampton,benjamina@white.com,55
83.4
189,Benmjin,Ali,1992-09-28,Woverhampton,,55
190,Benjamin,Ali,1992-11-26,Wolverhampton,benjamina@white.com,55
57.6
191,,Davidson,2019-12-24,Londno,,56
192,Emilia,Davidson,2019-12-24,London,e.davidson9@stark.net,56
61.0
191,,Davidson,2019-12-24,Londno,,56
193,,Davidson,2019-12-24,London,,56
61.0
192,Emilia,Davidson,2019-12-24,London,e.davidson9@stark.net,56
193,,Davidson,2019-12-24,London,,56
69.0
192,Emilia,Davidson,2019-12-24,London,e.davidson9@stark.net,56
194,Emilia,Davidson,2019-12-24,,e.davidson9@stark.net,56
90.0
195,Jaxon,Taylor,1977-11-09,Stockton-on-Tees,jaxon.taylor1@crawford.com,57
197,Taylor,Jaxon,1977-11-09,Stockton-on-Tees,jaxon.taylor1@crawford.com,57
72.4
198,,Hart,1996-09-14,Belfast,thea.h20@keith.com,58
199,Thea,Hart,1986-07-19,Belfast,thea.h20@keith.com,58
86.8
198,,Hart,1996-09-14,Belfast,thea.h20@keith.com,58
200,The,Hart,1986-08-19,Belfast,thea.h20@keith.com,58
86.8
199,Thea,Hart,1986-07-19,Belfast,thea.h20@keith.com,58
200,The,Hart,1986-08-19,Belfast,thea.h20@keith.com,58
111.2
201,,George,2011-06-12,Dueley,,59
202,Tlyer,George,2011-07-14,Dudley,,59
61.8
201,,George,2011-06-12,Dueley,,59
204,Tyler,George,2011-06-12,Dudley,,59
66.2
202,Tlyer,George,2011-07-14,Dudley,,59
203,Tyler,,2011-06-12,Dudley,tyler.g@watson-salazar.org,59
56.8
202,Tlyer,George,2011-07-14,Dudley,,59
204,Tyler,George,2011-06-12,Dudley,,59
80.8
203,Tyler,,2011-06-12,Dudley,tyler.g@watson-salazar.org,59
204,Tyler,George,2011-06-12,Dudley,,59
71.2
205,Sophhie,Sadunders,1976-11-04,London,sophie.s33@snyder.info,60
206,Sophie,Saunders,1975-12-05,London,sophie.s33@snyder.inf,60
78.0
205,Sophhie,Sadunders,1976-11-04,London,sophie.s33@snyder.info,60
208,Sophie,,1975-12-05,Lonon,sophie.s33@snyder.info,60
62.0
206,Sophie,Saunders,1975-12-05,London,sophie.s33@snyder.inf,60
207,Sophie,Saunders,1975-12-05,Loondon,,60
75.6
206,Sophie,Saunders,1975-12-05,London,sophie.s33@snyder.inf,60
208,Sophie,,1975-12-05,Lonon,sophie.s33@snyder.info,60
78.2
207,Sophie,Saunders,1975-12-05,Loondon,,60
208,Sophie,,1975-12-05,Lonon,sophie.s33@snyder.info,60
52.8
209,Celoh,Smith,2014-11-14,London,,61
210,Choloe,Simth,2013-10-15,London,chloes14@washington.info,61
58.6
209,Celoh,Smith,2014-11-14,London,,61
211,Chloe,Smith,2013-10-16,,chloes14@washington.info,61
55.6
209,Celoh,Smith,2014-11-14,London,,61
312,Axelande,Smith,2017-01-03,London,alexanders27@miller.com,92
62.4
210,Choloe,Simth,2013-10-15,London,chloes14@washington.info,61
211,Chloe,Smith,2013-10-16,,chloes14@washington.info,61
63.8
210,Choloe,Simth,2013-10-15,London,chloes14@washington.info,61
312,Axelande,Smith,2017-01-03,London,alexanders27@miller.com,92
53.8
212,Ein,,2000-09-01,Derby,erinl@erickson.biz,62
214,Erin,,1999-08-02,Derby,erinl@erickson.biz,62
61.6
212,Ein,,2000-09-01,Derby,erinl@erickson.biz,62
215,Erin,Lewis,1999-08-02,Derby,erinl@erickson.biz,62
61.6
214,Erin,,1999-08-02,Derby,erinl@erickson.biz,62
215,Erin,Lewis,1999-08-02,Derby,erinl@erickson.biz,62
95.0
215,Erin,Lewis,1999-08-02,Derby,erinl@erickson.biz,62
216,,Lewis,1999-08-02,,erinl@erzcksosn.bii,62
60.6
219,Scarlett,Jones,1986-02-14,,s.jones@martinez.net,64
221,Scarletat,Jones,1986-02-14,Dudley,s.jones@martinez.net,64
85.8
220,Scarlett,,1986-03-16,Dudley,,64
221,Scarletat,Jones,1986-02-14,Dudley,s.jones@martinez.net,64
59.4
220,Scarlett,,1986-03-16,Dudley,,64
222,Scarlett,,1986-03-16,Dudley,s.jonesmartinez.net,64
69.0
221,Scarletat,Jones,1986-02-14,Dudley,s.jones@martinez.net,64
222,Scarlett,,1986-03-16,Dudley,s.jonesmartinez.net,64
66.8
227,Logn,Hall,2015-08-09,Ipswich,lh@gray-hall.com,66
228,Logan,Hall,2005-09-10,Ipswpich,lh@gray-hall.com,66
87.8
227,Logn,Hall,2015-08-09,Ipswich,lh@gray-hall.com,66
229,,Hall,2005-09-10,Ipswich,lh@gray-h.all.cm,66
78.0
227,Logn,Hall,2015-08-09,Ipswich,lh@gray-hall.com,66
230,Logan,Hall,2006-10-10,Ipswich,lh@ghray-halo.clm,66
80.0
228,Logan,Hall,2005-09-10,Ipswpich,lh@gray-hall.com,66
229,,Hall,2005-09-10,Ipswich,lh@gray-h.all.cm,66
74.8
228,Logan,Hall,2005-09-10,Ipswpich,lh@gray-hall.com,66
230,Logan,Hall,2006-10-10,Ipswich,lh@ghray-halo.clm,66
84.8
229,,Hall,2005-09-10,Ipswich,lh@gray-h.all.cm,66
230,Logan,Hall,2006-10-10,Ipswich,lh@ghray-halo.clm,66
75.6
233,Ethan,Cox,1999-04-14,London,ethan.c@barron.com,68
234,Etha,Cox,1999-04-14,,ethan.c@barron.com,68
93.4
233,Ethan,Cox,1999-04-14,London,ethan.c@barron.com,68
235,,Cox,1999-04-14,Lonndon,ethan.c@barron.com,68
83.4
233,Ethan,Cox,1999-04-14,London,ethan.c@barron.com,68
334,Ehtan,Williams,1972-07-12,London,e.w17@boyd.net,99
53.6
233,Ethan,Cox,1999-04-14,London,ethan.c@barron.com,68
336,Ethan,Wiliaml,1972-07-12,London,,99
62.4
233,Ethan,Cox,1999-04-14,London,ethan.c@barron.com,68
337,Ethan,Wlliams,1972-07-12,London,e.w17@boyd.net,99
63.6
234,Etha,Cox,1999-04-14,,ethan.c@barron.com,68
235,,Cox,1999-04-14,Lonndon,ethan.c@barron.com,68
73.4
236,Ana,,1991-07-06,Dyrbe,annachapman48@gordon-brown.com,69
237,Ana,Chapman,1991-07-06,Derby,annachapman48@gordon-brown.com,69
87.8
238,Jacob,Pritchard,2018-11-25,London,jacobp96@palmer.com,70
280,Jarvis,Oliver,2013-11-07,London,o.j71@richards-white.com,80
50.8
239,Archie,Wiilliamson,2004-09-13,Bolnton,aw85@vasquez.com,71
240,Archie,,2004-09-13,Bolton,aw85@vasquez.com,71
77.6
239,Archie,Wiilliamson,2004-09-13,Bolnton,aw85@vasquez.com,71
241,Archie,,2004-09-13,Bolton,aw85@vasquez.com,71
77.6
240,Archie,,2004-09-13,Bolton,aw85@vasquez.com,71
241,Archie,,2004-09-13,Bolton,aw85@vasquez.com,71
91.6
242,Alexander,Clarke,1982-04-18,Sheffield,a.c50@stevens.ocm,72
243,Alexander,Clarke,1982-04-18,Sheffield,a.c50@stevens.com,72
109.8
242,Alexander,Clarke,1982-04-18,Sheffield,a.c50@stevens.ocm,72
244,Alexander,Clarke,1982-04-18,,a.c50@stevens.com,72
87.4
243,Alexander,Clarke,1982-04-18,Sheffield,a.c50@stevens.com,72
244,Alexander,Clarke,1982-04-18,,a.c50@stevens.com,72
89.8
245,Jaokscn,White,2029-02-25,,jacksonw8@weaver.org,73
246,Joackson,White,2019-02-28,Bradford,jacksonw8@weaver.org,73
66.6
248,Ela,Carter,2016-01-12,London,ec8u@b7rns.biz,74
249,Ella,Carter,2015-12-13,,ec87@burns.biz,74
69.2
248,Ela,Carter,2016-01-12,London,ec8u@b7rns.biz,74
250,Ella,Carter,2016-01-12,Lodndon,,74
66.2
248,Ela,Carter,2016-01-12,London,ec8u@b7rns.biz,74
276,Julia,Porter,2007-05-07,London,,79
51.2
248,Ela,Carter,2016-01-12,London,ec8u@b7rns.biz,74
303,Ellsi,Richards,2010-03-23,London,erichards85@hogan.com,88
51.2
248,Ela,Carter,2016-01-12,London,ec8u@b7rns.biz,74
326,Eva,Harris,1989-10-06,London,evaharris@ramirez-clark.com,96
57.2
248,Ela,Carter,2016-01-12,London,ec8u@b7rns.biz,74
335,Etan,,1972-07-12,London,e.17@boyd.net,99
53.2
248,Ela,Carter,2016-01-12,London,ec8u@b7rns.biz,74
406,Evans,Dexter,1986-06-18,London,d.e@white-mendoza.com,117
57.2
249,Ella,Carter,2015-12-13,,ec87@burns.biz,74
250,Ella,Carter,2016-01-12,Lodndon,,74
64.0
251,Isabella,,1983-03-22,London,i.h30@sanchez-duran.com,75
253,,,1983-03-22,London,i.h30@sanchez-duran.com,75
67.2
251,Isabella,,1983-03-22,London,i.h30@sanchez-duran.com,75
254,,Higgins,1983-03-22,London,i.h30@sanchez-duran.com,75
67.2
251,Isabella,,1983-03-22,London,i.h30@sanchez-duran.com,75
256,Isabella,niggiHs,1993-03-20,London,i.h30@sanchez-duran.com,75
85.6
252,,Higgins,1983-03-22,,i.h30@sanche-zdruran.com,75
254,,Higgins,1983-03-22,London,i.h30@sanchez-duran.com,75
57.0
253,,,1983-03-22,London,i.h30@sanchez-duran.com,75
254,,Higgins,1983-03-22,London,i.h30@sanchez-duran.com,75
67.2
253,,,1983-03-22,London,i.h30@sanchez-duran.com,75
256,Isabella,niggiHs,1993-03-20,London,i.h30@sanchez-duran.com,75
62.8
254,,Higgins,1983-03-22,London,i.h30@sanchez-duran.com,75
256,Isabella,niggiHs,1993-03-20,London,i.h30@sanchez-duran.com,75
79.4
257,,Lewis,1981-10-21,Birmingham,,76
259,Logan,Lewis,1981-11-20,Birmingam,,76
58.4
257,,Lewis,1981-10-21,Birmingham,,76
260,Loga,Lewis,1981-11-20,Birmingham,,76
65.0
257,,Lewis,1981-10-21,Birmingham,,76
261,Loan,Lewis,1981-11-20,Birmingham,llewis45@sullivan.com,76
65.0
257,,Lewis,1981-10-21,Birmingham,,76
262,Logan,Lewis,1991-11-18,Birmingham,llewis4m5@sullvan.com,76
60.6
258,,Lewis,1981-11-20,,llewis45@sullivan.com,76
261,Loan,Lewis,1981-11-20,Birmingham,llewis45@sullivan.com,76
68.2
258,,Lewis,1981-11-20,,llewis45@sullivan.com,76
262,Logan,Lewis,1991-11-18,Birmingham,llewis4m5@sullvan.com,76
55.6
259,Logan,Lewis,1981-11-20,Birmingam,,76
260,Loga,Lewis,1981-11-20,Birmingham,,76
82.8
259,Logan,Lewis,1981-11-20,Birmingam,,76
261,Loan,Lewis,1981-11-20,Birmingham,llewis45@sullivan.com,76
72.8
259,Logan,Lewis,1981-11-20,Birmingam,,76
262,Logan,Lewis,1991-11-18,Birmingham,llewis4m5@sullvan.com,76
81.2
260,Loga,Lewis,1981-11-20,Birmingham,,76
261,Loan,Lewis,1981-11-20,Birmingham,llewis45@sullivan.com,76
82.8
260,Loga,Lewis,1981-11-20,Birmingham,,76
262,Logan,Lewis,1991-11-18,Birmingham,llewis4m5@sullvan.com,76
82.8
261,Loan,Lewis,1981-11-20,Birmingham,llewis45@sullivan.com,76
262,Logan,Lewis,1991-11-18,Birmingham,llewis4m5@sullvan.com,76
87.8
263,Clarhie,,1983-04-12,,charlie.c@stout.org,77
264,Charlie,,1983-03-13,Londno,charlie.c@stout.oerg,77
52.2
263,Clarhie,,1983-04-12,,charlie.c@stout.org,77
266,Charlie,Cunninnahgm,1983-03-13,London,charlie.c@stout.orug,77
53.4
264,Charlie,,1983-03-13,Londno,charlie.c@stout.oerg,77
265,Charlie,Cunningham,1983-03-13,London,charlie.ctstou.org,77
75.2
264,Charlie,,1983-03-13,Londno,charlie.c@stout.oerg,77
266,Charlie,Cunninnahgm,1983-03-13,London,charlie.c@stout.orug,77
80.6
264,Charlie,,1983-03-13,Londno,charlie.c@stout.oerg,77
267,Charlie,Cunningham,1993-02-09,London,charliesc@c.tout.org,77
64.4
265,Charlie,Cunningham,1983-03-13,London,charlie.ctstou.org,77
266,Charlie,Cunninnahgm,1983-03-13,London,charlie.c@stout.orug,77
95.2
265,Charlie,Cunningham,1983-03-13,London,charlie.ctstou.org,77
267,Charlie,Cunningham,1993-02-09,London,charliesc@c.tout.org,77
91.4
266,Charlie,Cunninnahgm,1983-03-13,London,charlie.c@stout.orug,77
267,Charlie,Cunningham,1993-02-09,London,charliesc@c.tout.org,77
83.4
266,Charlie,Cunninnahgm,1983-03-13,London,charlie.c@stout.orug,77
283,Charlotte,Jackson,1994-12-08,London,charlotte.jackson@robinson.com,81
50.6
267,Charlie,Cunningham,1993-02-09,London,charliesc@c.tout.org,77
283,Charlotte,Jackson,1994-12-08,London,charlotte.jackson@robinson.com,81
56.2
267,Charlie,Cunningham,1993-02-09,London,charliesc@c.tout.org,77
290,Charltotte,Ball,1983-10-09,London,,83
50.8
267,Charlie,Cunningham,1993-02-09,London,charliesc@c.tout.org,77
291,Charlotte,Ball,1993-09-06,London,,83
54.2
268,Gaabrie,,1982-05-15,Leeds,,78
270,Gbabriel,Pggae,1982-05-15,Leedes,,78
55.4
270,Gbabriel,Pggae,1982-05-15,Leedes,,78
271,Gabriel,Pagae,1983-05-16,Leeds,gabriel.p90@swanson.com,78
56.6
271,Gabriel,Pagae,1983-05-16,Leeds,gabriel.p90@swanson.com,78
272,Gabriel,Page,1992-05-12,dLeeds,,78
58.0
273,Porter,Julia,2007-05-07,,juliap@davilarfishe-.com,79
274,Porter,Julia,2007-05-07,,,79
71.2
275,Julia,Porter,2008-06-05,Lnondno,juliap@davila-fisher.com,79
276,Julia,Porter,2007-05-07,London,,79
71.2
277,Oliver,Jarvis,2013-10-09,London,o.j71@richards-white.com,80
278,Olievr,,2012-10-09,London,o.j71@richards-white.com,80
80.8
277,Oliver,Jarvis,2013-10-09,London,o.j71@richards-white.com,80
279,Oliver,,2012-10-09,London,o.j71@richards-whiter.com,80
84.6
277,Oliver,Jarvis,2013-10-09,London,o.j71@richards-white.com,80
280,Jarvis,Oliver,2013-11-07,London,o.j71@richards-white.com,80
70.6
277,Oliver,Jarvis,2013-10-09,London,o.j71@richards-white.com,80
281,,Jarvias,2013-11-08,Londoon,,80
51.0
277,Oliver,Jarvis,2013-10-09,London,o.j71@richards-white.com,80
282,Oliver,,2022-10-09,Londo,o.j71@richards-white.acom,80
79.4
277,Oliver,Jarvis,2013-10-09,London,o.j71@richards-white.com,80
311,Oliver,Shaw,1999-09-15,London,,91
52.4
277,Oliver,Jarvis,2013-10-09,London,o.j71@richards-white.com,80
326,Eva,Harris,1989-10-06,London,evaharris@ramirez-clark.com,96
52.8
278,Olievr,,2012-10-09,London,o.j71@richards-white.com,80
279,Oliver,,2012-10-09,London,o.j71@richards-whiter.com,80
78.8
278,Olievr,,2012-10-09,London,o.j71@richards-white.com,80
280,Jarvis,Oliver,2013-11-07,London,o.j71@richards-white.com,80
60.4
278,Olievr,,2012-10-09,London,o.j71@richards-white.com,80
282,Oliver,,2022-10-09,Londo,o.j71@richards-white.acom,80
73.6
279,Oliver,,2012-10-09,London,o.j71@richards-whiter.com,80
280,Jarvis,Oliver,2013-11-07,London,o.j71@richards-white.com,80
60.2
279,Oliver,,2012-10-09,London,o.j71@richards-whiter.com,80
282,Oliver,,2022-10-09,Londo,o.j71@richards-white.acom,80
83.2
279,Oliver,,2012-10-09,London,o.j71@richards-whiter.com,80
311,Oliver,Shaw,1999-09-15,London,,91
52.4
280,Jarvis,Oliver,2013-11-07,London,o.j71@richards-white.com,80
282,Oliver,,2022-10-09,Londo,o.j71@richards-white.acom,80
55.0
280,Jarvis,Oliver,2013-11-07,London,o.j71@richards-white.com,80
323,Harris,Eva,1989-10-08,London,evaharris@ramirez-clark.com,96
50.4
283,Charlotte,Jackson,1994-12-08,London,charlotte.jackson@robinson.com,81
284,Jackson,Charlotte,2004-12-05,London,charlotte.jackson@robinson.com,81
62.8
283,Charlotte,Jackson,1994-12-08,London,charlotte.jackson@robinson.com,81
290,Charltotte,Ball,1983-10-09,London,,83
54.2
283,Charlotte,Jackson,1994-12-08,London,charlotte.jackson@robinson.com,81
291,Charlotte,Ball,1993-09-06,London,,83
63.2
287,,MattheMws,2003-03-08,Telford,muhammadmasthews45@martinez-williamt.nuet,82
288,Muhammad,,2003-03-08,Telford,muhammadmatthews45@martinez-williams.net,82
63.6
287,,MattheMws,2003-03-08,Telford,muhammadmasthews45@martinez-williamt.nuet,82
289,Muhammad,,2003-03-08,Telford,muhammadmatthews45@martinez-williams.net,82
63.6
288,Muhammad,,2003-03-08,Telford,muhammadmatthews45@martinez-williams.net,82
289,Muhammad,,2003-03-08,Telford,muhammadmatthews45@martinez-williams.net,82
89.0
290,Charltotte,Ball,1983-10-09,London,,83
291,Charlotte,Ball,1993-09-06,London,,83
77.4
290,Charltotte,Ball,1983-10-09,London,,83
292,Charlotte,Ball,1983-10-09,dLonnod,cgharlotteb7@jackson.org,83
62.2
291,Charlotte,Ball,1993-09-06,London,,83
292,Charlotte,Ball,1983-10-09,dLonnod,cgharlotteb7@jackson.org,83
62.4
295,James,Gordon,1991-06-12,Leicester,james.g@dorsey.com,85
415,James,Lucy,1982-01-21,Leicester,,122
58.6
297,Hoyll,,1982-03-03,Birmingham,h.brown54@jackson.com,87
298,Hlolly,nBrown,1982-03-03,Birginmam,h.brown54@jackson.com,87
66.4
297,Hoyll,,1982-03-03,Birmingham,h.brown54@jackson.com,87
299,Holly,Brwnwo,1982-04-03,Birmingham,h.brown54@jackson.com,87
78.2
297,Hoyll,,1982-03-03,Birmingham,h.brown54@jackson.com,87
300,Holy,Brown,1982-03-03,Birmingham,,87
54.4
297,Hoyll,,1982-03-03,Birmingham,h.brown54@jackson.com,87
301,Holly,Brown,1982-03-03,Birmingham,,87
59.4
298,Hlolly,nBrown,1982-03-03,Birginmam,h.brown54@jackson.com,87
299,Holly,Brwnwo,1982-04-03,Birmingham,h.brown54@jackson.com,87
64.2
299,Holly,Brwnwo,1982-04-03,Birmingham,h.brown54@jackson.com,87
300,Holy,Brown,1982-03-03,Birmingham,,87
65.2
299,Holly,Brwnwo,1982-04-03,Birmingham,h.brown54@jackson.com,87
301,Holly,Brown,1982-03-03,Birmingham,,87
75.2
299,Holly,Brwnwo,1982-04-03,Birmingham,h.brown54@jackson.com,87
487,Holly,Baker,1988-08-19,London,hollyb35@alvarado.com,145
50.6
300,Holy,Brown,1982-03-03,Birmingham,,87
301,Holly,Brown,1982-03-03,Birmingham,,87
84.4
302,,dRichrds,2010-03-23,London,erichards85@hogan.com,88
303,Ellsi,Richards,2010-03-23,London,erichards85@hogan.com,88
75.8
302,,dRichrds,2010-03-23,London,erichards85@hogan.com,88
304,Richards,Ellis,2011-03-24,London,erichards85@hogan.com,88
62.8
303,Ellsi,Richards,2010-03-23,London,erichards85@hogan.com,88
304,Richards,Ellis,2011-03-24,London,erichards85@hogan.com,88
62.8
304,Richards,Ellis,2011-03-24,London,erichards85@hogan.com,88
451,Elijah,Elliott,2001-05-22,London,,132
55.8
305,Cox,Frederick,1972-08-21,London,fc@jackson-farmer.com,89
306,Frederick,CCox,1972-08-21,Ldnooon,fc@jackson-farmer.com,89
53.2
305,Cox,Frederick,1972-08-21,London,fc@jackson-farmer.com,89
307,Firederick,,1972-08-21,Lnndoo,fc@jackson-farmer.com,89
59.2
305,Cox,Frederick,1972-08-21,London,fc@jackson-farmer.com,89
308,Frederick,xCox,1972-07-22,London,fc@jackson-farmer.com,89
62.8
306,Frederick,CCox,1972-08-21,Ldnooon,fc@jackson-farmer.com,89
307,Firederick,,1972-08-21,Lnndoo,fc@jackson-farmer.com,89
58.8
306,Frederick,CCox,1972-08-21,Ldnooon,fc@jackson-farmer.com,89
308,Frederick,xCox,1972-07-22,London,fc@jackson-farmer.com,89
91.2
307,Firederick,,1972-08-21,Lnndoo,fc@jackson-farmer.com,89
308,Frederick,xCox,1972-07-22,London,fc@jackson-farmer.com,89
57.0
309,Louie,Lewis,2014-08-04,,l.lewis@johnson-grant.net,90
310,,Lewis,2004-10-06,London,l.lewis@johnson-grant.net,90
59.2
313,Theodore,,2010-05-18,Loodnn,theodorehl@.endrix.com,93
315,Theodore,,2010-05-18,London,theodore.l@hendrix.com,93
80.0
317,Isaac,PhillipPs,2017-06-17,SunderlanSd,ip@hufman.com,95
318,Isaac,Phillips,2017-06-17,Sunderland,ip@hufman.com,95
104.4
317,Isaac,PhillipPs,2017-06-17,SunderlanSd,ip@hufman.com,95
319,Isaac,Phillips,2017-06-17,Sunderland,ip@huffman.com,95
92.0
317,Isaac,PhillipPs,2017-06-17,SunderlanSd,ip@hufman.com,95
320,Isaac,Phillips,2017-06-17,Sunderland,ip@huffman.com,95
92.0
317,Isaac,PhillipPs,2017-06-17,SunderlanSd,ip@hufman.com,95
321,Isaac,Phillips,2017-06-17,Sunderland,ip@huffman.com,95
92.0
317,Isaac,PhillipPs,2017-06-17,SunderlanSd,ip@hufman.com,95
322,Isaac,,2018-05-18,Sunderland,ip@huffman.com,95
67.8
318,Isaac,Phillips,2017-06-17,Sunderland,ip@hufman.com,95
319,Isaac,Phillips,2017-06-17,Sunderland,ip@huffman.com,95
101.4
318,Isaac,Phillips,2017-06-17,Sunderland,ip@hufman.com,95
320,Isaac,Phillips,2017-06-17,Sunderland,ip@huffman.com,95
101.4
318,Isaac,Phillips,2017-06-17,Sunderland,ip@hufman.com,95
321,Isaac,Phillips,2017-06-17,Sunderland,ip@huffman.com,95
101.4
318,Isaac,Phillips,2017-06-17,Sunderland,ip@hufman.com,95
322,Isaac,,2018-05-18,Sunderland,ip@huffman.com,95
72.0
319,Isaac,Phillips,2017-06-17,Sunderland,ip@huffman.com,95
320,Isaac,Phillips,2017-06-17,Sunderland,ip@huffman.com,95
113.8
319,Isaac,Phillips,2017-06-17,Sunderland,ip@huffman.com,95
321,Isaac,Phillips,2017-06-17,Sunderland,ip@huffman.com,95
113.8
319,Isaac,Phillips,2017-06-17,Sunderland,ip@huffman.com,95
322,Isaac,,2018-05-18,Sunderland,ip@huffman.com,95
84.4
320,Isaac,Phillips,2017-06-17,Sunderland,ip@huffman.com,95
321,Isaac,Phillips,2017-06-17,Sunderland,ip@huffman.com,95
113.8
320,Isaac,Phillips,2017-06-17,Sunderland,ip@huffman.com,95
322,Isaac,,2018-05-18,Sunderland,ip@huffman.com,95
84.4
321,Isaac,Phillips,2017-06-17,Sunderland,ip@huffman.com,95
322,Isaac,,2018-05-18,Sunderland,ip@huffman.com,95
84.4
323,Harris,Eva,1989-10-08,London,evaharris@ramirez-clark.com,96
326,Eva,Harris,1989-10-06,London,evaharris@ramirez-clark.com,96
64.8
323,Harris,Eva,1989-10-08,London,evaharris@ramirez-clark.com,96
328,David,Evan,2003-12-03,London,davide16@white.com,98
56.8
323,Harris,Eva,1989-10-08,London,evaharris@ramirez-clark.com,96
331,David,Evas,2003-12-03,London,davide16@white.com,98
56.8
324,Eva,Harris,1989-10-06,,,96
325,Eva,Harris,1990-09-05,,evaharris@ramirez-clark.com,96
65.2
324,Eva,Harris,1989-10-06,,,96
326,Eva,Harris,1989-10-06,London,evaharris@ramirez-clark.com,96
76.2
325,Eva,Harris,1990-09-05,,evaharris@ramirez-clark.com,96
326,Eva,Harris,1989-10-06,London,evaharris@ramirez-clark.com,96
86.0
326,Eva,Harris,1989-10-06,London,evaharris@ramirez-clark.com,96
406,Evans,Dexter,1986-06-18,London,d.e@white-mendoza.com,117
51.0
328,David,Evan,2003-12-03,London,davide16@white.com,98
329,David,,2003-12-03,Lodon,,98
55.2
328,David,Evan,2003-12-03,London,davide16@white.com,98
330,,Evans,2004-11-02,London,davide16@whitecom,98
76.0
328,David,Evan,2003-12-03,London,davide16@white.com,98
331,David,Evas,2003-12-03,London,davide16@white.com,98
112.4
328,David,Evan,2003-12-03,London,davide16@white.com,98
332,David,Evnvs,2003-12-03,nLonodn,,98
60.6
328,David,Evan,2003-12-03,London,davide16@white.com,98
333,,Evns,2003-12-03,London,,98
59.6
329,David,,2003-12-03,Lodon,,98
331,David,Evas,2003-12-03,London,davide16@white.com,98
55.2
330,,Evans,2004-11-02,London,davide16@whitecom,98
331,David,Evas,2003-12-03,London,davide16@white.com,98
71.0
331,David,Evas,2003-12-03,London,davide16@white.com,98
332,David,Evnvs,2003-12-03,nLonodn,,98
60.6
331,David,Evas,2003-12-03,London,davide16@white.com,98
333,,Evns,2003-12-03,London,,98
66.2
334,Ehtan,Williams,1972-07-12,London,e.w17@boyd.net,99
335,Etan,,1972-07-12,London,e.17@boyd.net,99
54.2
334,Ehtan,Williams,1972-07-12,London,e.w17@boyd.net,99
336,Ethan,Wiliaml,1972-07-12,London,,99
69.8
334,Ehtan,Williams,1972-07-12,London,e.w17@boyd.net,99
337,Ethan,Wlliams,1972-07-12,London,e.w17@boyd.net,99
88.6
334,Ehtan,Williams,1972-07-12,London,e.w17@boyd.net,99
356,Robyn,Williams,1984-07-06,London,rw1@lambert-henry.com,105
65.2
334,Ehtan,Williams,1972-07-12,London,e.w17@boyd.net,99
360,,Wialilms,1984-07-06,London,rw1@lambert-henry.ccom,105
54.6
334,Ehtan,Williams,1972-07-12,London,e.w17@boyd.net,99
361,Robyn,Wmlliais,1984-07-06,London,rw1@lambert-henry.com,105
59.6
335,Etan,,1972-07-12,London,e.17@boyd.net,99
336,Ethan,Wiliaml,1972-07-12,London,,99
56.2
335,Etan,,1972-07-12,London,e.17@boyd.net,99
337,Ethan,Wlliams,1972-07-12,London,e.w17@boyd.net,99
59.2
335,Etan,,1972-07-12,London,e.17@boyd.net,99
406,Evans,Dexter,1986-06-18,London,d.e@white-mendoza.com,117
54.4
336,Ethan,Wiliaml,1972-07-12,London,,99
337,Ethan,Wlliams,1972-07-12,London,e.w17@boyd.net,99
87.8
336,Ethan,Wiliaml,1972-07-12,London,,99
356,Robyn,Williams,1984-07-06,London,rw1@lambert-henry.com,105
51.0
338,Baker,Florence,1993-03-05,Preston,florenceb@jones.com,100
339,Baker,Florence,1993-03-05,Preston,florenceb@jones.com,100
114.6
340,Hudson,Sophie,1994-06-03,London,sophiehudson@white-woods.info,101
341,Hudson,Sophie,1994-05-04,London,sophiehudson@white-woods.info,101
110.6
340,Hudson,Sophie,1994-06-03,London,sophiehudson@white-woods.info,101
342,Hudson,Sophie,1984-05-06,Lnondon,sophiehudson@white-woods.info,101
87.8
341,Hudson,Sophie,1994-05-04,London,sophiehudson@white-woods.info,101
342,Hudson,Sophie,1984-05-06,Lnondon,sophiehudson@white-woods.info,101
90.0
343,Sophie,,2006-09-11,Liverpool,sophiem28@moreno-ayala.iz,102
344,Sophie,Miller,2005-09-11,,sophiem28@moreno-ayala.biz,102
62.4
343,Sophie,,2006-09-11,Liverpool,sophiem28@moreno-ayala.iz,102
345,Sophie,Miller,2005-08-12,LivepLool,,102
57.2
343,Sophie,,2006-09-11,Liverpool,sophiem28@moreno-ayala.iz,102
346,Sophie,Miller,2005-09-11,,sophiem28@moreno-ayala.biz,102
62.4
343,Sophie,,2006-09-11,Liverpool,sophiem28@moreno-ayala.iz,102
347,Sophie,Miller,2006-09-11,,sophiem28@moreno-ayala.biz,102
64.6
343,Sophie,,2006-09-11,Liverpool,sophiem28@moreno-ayala.iz,102
348,Sophie,Miller,2005-10-10,Liverpool,sophie8m28@moeno-ayala.biz,102
72.6
344,Sophie,Miller,2005-09-11,,sophiem28@moreno-ayala.biz,102
345,Sophie,Miller,2005-08-12,LivepLool,,102
65.8
344,Sophie,Miller,2005-09-11,,sophiem28@moreno-ayala.biz,102
346,Sophie,Miller,2005-09-11,,sophiem28@moreno-ayala.biz,102
91.0
344,Sophie,Miller,2005-09-11,,sophiem28@moreno-ayala.biz,102
347,Sophie,Miller,2006-09-11,,sophiem28@moreno-ayala.biz,102
88.8
344,Sophie,Miller,2005-09-11,,sophiem28@moreno-ayala.biz,102
348,Sophie,Miller,2005-10-10,Liverpool,sophie8m28@moeno-ayala.biz,102
78.8
345,Sophie,Miller,2005-08-12,LivepLool,,102
346,Sophie,Miller,2005-09-11,,sophiem28@moreno-ayala.biz,102
65.8
345,Sophie,Miller,2005-08-12,LivepLool,,102
347,Sophie,Miller,2006-09-11,,sophiem28@moreno-ayala.biz,102
63.6
345,Sophie,Miller,2005-08-12,LivepLool,,102
348,Sophie,Miller,2005-10-10,Liverpool,sophie8m28@moeno-ayala.biz,102
81.2
346,Sophie,Miller,2005-09-11,,sophiem28@moreno-ayala.biz,102
347,Sophie,Miller,2006-09-11,,sophiem28@moreno-ayala.biz,102
88.8
346,Sophie,Miller,2005-09-11,,sophiem28@moreno-ayala.biz,102
348,Sophie,Miller,2005-10-10,Liverpool,sophie8m28@moeno-ayala.biz,102
78.8
347,Sophie,Miller,2006-09-11,,sophiem28@moreno-ayala.biz,102
348,Sophie,Miller,2005-10-10,Liverpool,sophie8m28@moeno-ayala.biz,102
76.6
349,,,1984-04-05,London,sebastianr17@martinez-bright.com,103
351,Sebastian,Roes,1984-04-04,London,sebastianr17@martinez-bright.com,103
64.6
349,,,1984-04-05,London,sebastianr17@martinez-bright.com,103
352,Sebastian,,1984-04-05,London,sebastianr17@martinez-bright.com,103
66.8
350,,Rose,1984-04-05,London,,103
351,Sebastian,Roes,1984-04-04,London,sebastianr17@martinez-bright.com,103
57.4
351,Sebastian,Roes,1984-04-04,London,sebastianr17@martinez-bright.com,103
352,Sebastian,,1984-04-05,London,sebastianr17@martinez-bright.com,103
87.0
353,Thea,Roberts,2014-12-01,London,thea.r@smith.biz,104
354,Tea,Roberts,2014-12-01,Loondon,thea.r@smith.biz,104
80.2
356,Robyn,Williams,1984-07-06,London,rw1@lambert-henry.com,105
357,Williams,Robyn,1984-06-07,Londoon,rw1@lambert-henry.com,105
55.4
356,Robyn,Williams,1984-07-06,London,rw1@lambert-henry.com,105
358,Robyn,,1984-07-06,,rw1@lamber-henry.com,105
57.2
356,Robyn,Williams,1984-07-06,London,rw1@lambert-henry.com,105
359,RbRyn,Wilsliams,1984-07-06,London,rw1@lambert-henry.com,105
89.8
356,Robyn,Williams,1984-07-06,London,rw1@lambert-henry.com,105
360,,Wialilms,1984-07-06,London,rw1@lambert-henry.ccom,105
81.4
356,Robyn,Williams,1984-07-06,London,rw1@lambert-henry.com,105
361,Robyn,Wmlliais,1984-07-06,London,rw1@lambert-henry.com,105
109.4
357,Williams,Robyn,1984-06-07,Londoon,rw1@lambert-henry.com,105
359,RbRyn,Wilsliams,1984-07-06,London,rw1@lambert-henry.com,105
55.4
357,Williams,Robyn,1984-06-07,Londoon,rw1@lambert-henry.com,105
360,,Wialilms,1984-07-06,London,rw1@lambert-henry.ccom,105
52.4
357,Williams,Robyn,1984-06-07,Londoon,rw1@lambert-henry.com,105
361,Robyn,Wmlliais,1984-07-06,London,rw1@lambert-henry.com,105
55.4
358,Robyn,,1984-07-06,,rw1@lamber-henry.com,105
361,Robyn,Wmlliais,1984-07-06,London,rw1@lambert-henry.com,105
57.2
359,RbRyn,Wilsliams,1984-07-06,London,rw1@lambert-henry.com,105
360,,Wialilms,1984-07-06,London,rw1@lambert-henry.ccom,105
69.2
359,RbRyn,Wilsliams,1984-07-06,London,rw1@lambert-henry.com,105
361,Robyn,Wmlliais,1984-07-06,London,rw1@lambert-henry.com,105
87.2
360,,Wialilms,1984-07-06,London,rw1@lambert-henry.ccom,105
361,Robyn,Wmlliais,1984-07-06,London,rw1@lambert-henry.com,105
75.6
362,Grace,Fox,1977-09-06,Leicsester,gracef2@brown-hopkins.com,106
363,,Fox,1977-09-06,Leicester,gracef2@brown-hopkins.com,106
81.8
362,Grace,Fox,1977-09-06,Leicsester,gracef2@brown-hopkins.com,106
364,Grace,Foxx,1977-10-07,,,106
60.6
362,Grace,Fox,1977-09-06,Leicsester,gracef2@brown-hopkins.com,106
365,Grace,Fox,1987-09-06,Leicester,gracef2@brown-hopkins.com,106
104.6
363,,Fox,1977-09-06,Leicester,gracef2@brown-hopkins.com,106
365,Grace,Fox,1987-09-06,Leicester,gracef2@brown-hopkins.com,106
93.2
364,Grace,Foxx,1977-10-07,,,106
365,Grace,Fox,1987-09-06,Leicester,gracef2@brown-hopkins.com,106
58.4
366,Esme,Smhti,2003-12-03,Derby,esme.s48@jackson.biz,107
367,Esme,,2003-11-01,Derby,esme.s48@jackson.biz,107
90.4
366,Esme,Smhti,2003-12-03,Derby,esme.s48@jackson.biz,107
368,,Smith,2003-10-31,Derby,esme.s48@jackson.biz,107
76.6
366,Esme,Smhti,2003-12-03,Derby,esme.s48@jackson.biz,107
369,Esme,mSith,2013-10-29,,esme.sn8@jackso4.biz,107
64.0
367,Esme,,2003-11-01,Derby,esme.s48@jackson.biz,107
368,,Smith,2003-10-31,Derby,esme.s48@jackson.biz,107
63.8
367,Esme,,2003-11-01,Derby,esme.s48@jackson.biz,107
369,Esme,mSith,2013-10-29,,esme.sn8@jackso4.biz,107
59.0
371,Charlotte,Thomas,2004-11-16,Manchester,,109
372,,Thomas,2004-10-19,Manchester,,109
64.0
371,Charlotte,Thomas,2004-11-16,Manchester,,109
374,Charlotte,Thomas,2005-09-19,Manchester,charlotte.t@cooley.net,109
82.0
372,,Thomas,2004-10-19,Manchester,,109
374,Charlotte,Thomas,2005-09-19,Manchester,charlotte.t@cooley.net,109
61.8
373,hCharlotte,,2004-10-20,Manchester,charlotte.tecooley.n@t,109
374,Charlotte,Thomas,2005-09-19,Manchester,charlotte.t@cooley.net,109
54.6
375,Henry,Bsookr,2019-03-06,Manchetser,hb47@reese-mcknight.com,110
376,,Brooks,2029-03-03,Manchester,hb47@reese-mcknightr.com,110
68.2
375,Henry,Bsookr,2019-03-06,Manchetser,hb47@reese-mcknight.com,110
377,Henry,Brooks,2019-04-05,Manchester,hb47@reese-mcknight.com,110
97.6
375,Henry,Bsookr,2019-03-06,Manchetser,hb47@reese-mcknight.com,110
378,Henry,Brooks,2019-03-07,Mancester,hb47@reese-mcknight.com,110
93.2
375,Henry,Bsookr,2019-03-06,Manchetser,hb47@reese-mcknight.com,110
379,Henry,Brooks,2020-03-05,Manchesnter,hb47@reese-mcknight.com,110
89.6
376,,Brooks,2029-03-03,Manchester,hb47@reese-mcknightr.com,110
377,Henry,Brooks,2019-04-05,Manchester,hb47@reese-mcknight.com,110
78.4
376,,Brooks,2029-03-03,Manchester,hb47@reese-mcknightr.com,110
378,Henry,Brooks,2019-03-07,Mancester,hb47@reese-mcknight.com,110
67.2
376,,Brooks,2029-03-03,Manchester,hb47@reese-mcknightr.com,110
379,Henry,Brooks,2020-03-05,Manchesnter,hb47@reese-mcknight.com,110
72.4
377,Henry,Brooks,2019-04-05,Manchester,hb47@reese-mcknight.com,110
378,Henry,Brooks,2019-03-07,Mancester,hb47@reese-mcknight.com,110
96.6
377,Henry,Brooks,2019-04-05,Manchester,hb47@reese-mcknight.com,110
379,Henry,Brooks,2020-03-05,Manchesnter,hb47@reese-mcknight.com,110
99.6
378,Henry,Brooks,2019-03-07,Mancester,hb47@reese-mcknight.com,110
379,Henry,Brooks,2020-03-05,Manchesnter,hb47@reese-mcknight.com,110
93.6
380,Vielot,Rees,2006-04-15,Bristol,violet.r@phillips-ward.com,111
382,Violet,Rees,2006-05-15,Bristol,viole..r@phillips-wardtcom,111
105.2
380,Vielot,Rees,2006-04-15,Bristol,violet.r@phillips-ward.com,111
383,Violet,,2006-05-15,Bristol,violet.r@phollips-ward.cim,111
78.6
380,Vielot,Rees,2006-04-15,Bristol,violet.r@phillips-ward.com,111
384,Violet,Ree,2006-05-15,Bristlo,violet.r@phillips-ward.com,111
93.4
380,Vielot,Rees,2006-04-15,Bristol,violet.r@phillips-ward.com,111
385,Violet,Rees,2006-05-15,Bristol,violet.r@vphillips-ward.com,111
93.6
382,Violet,Rees,2006-05-15,Bristol,viole..r@phillips-wardtcom,111
383,Violet,,2006-05-15,Bristol,violet.r@phollips-ward.cim,111
87.2
382,Violet,Rees,2006-05-15,Bristol,viole..r@phillips-wardtcom,111
384,Violet,Ree,2006-05-15,Bristlo,violet.r@phillips-ward.com,111
102.0
382,Violet,Rees,2006-05-15,Bristol,viole..r@phillips-wardtcom,111
385,Violet,Rees,2006-05-15,Bristol,violet.r@vphillips-ward.com,111
103.2
383,Violet,,2006-05-15,Bristol,violet.r@phollips-ward.cim,111
384,Violet,Ree,2006-05-15,Bristlo,violet.r@phillips-ward.com,111
82.0
383,Violet,,2006-05-15,Bristol,violet.r@phollips-ward.cim,111
385,Violet,Rees,2006-05-15,Bristol,violet.r@vphillips-ward.com,111
77.2
384,Violet,Ree,2006-05-15,Bristlo,violet.r@phillips-ward.com,111
385,Violet,Rees,2006-05-15,Bristol,violet.r@vphillips-ward.com,111
90.4
386,eranikiF,Booth,2007-06-03,Polymouth,frankiebooth79@miller.org,112
387,Frankie,Booth,2007-05-03,Plomyuth,frankiebooth79@miller.org,112
76.8
386,eranikiF,Booth,2007-06-03,Polymouth,frankiebooth79@miller.org,112
388,Frankie,Boht,2007-05-03,Plymouth,frankiebooth79@miller.org,112
66.8
386,eranikiF,Booth,2007-06-03,Polymouth,frankiebooth79@miller.org,112
389,,Both,2017-05-30,Pluymouth,frankiebooth79@miller.org,112
61.8
386,eranikiF,Booth,2007-06-03,Polymouth,frankiebooth79@miller.org,112
390,Frankie,Both,2007-05-03,,frankiebooth79@miller.org,112
59.4
387,Frankie,Booth,2007-05-03,Plomyuth,frankiebooth79@miller.org,112
388,Frankie,Boht,2007-05-03,Plymouth,frankiebooth79@miller.org,112
98.6
387,Frankie,Booth,2007-05-03,Plomyuth,frankiebooth79@miller.org,112
389,,Both,2017-05-30,Pluymouth,frankiebooth79@miller.org,112
51.4
387,Frankie,Booth,2007-05-03,Plomyuth,frankiebooth79@miller.org,112
390,Frankie,Both,2007-05-03,,frankiebooth79@miller.org,112
76.4
388,Frankie,Boht,2007-05-03,Plymouth,frankiebooth79@miller.org,112
389,,Both,2017-05-30,Pluymouth,frankiebooth79@miller.org,112
54.8
388,Frankie,Boht,2007-05-03,Plymouth,frankiebooth79@miller.org,112
390,Frankie,Both,2007-05-03,,frankiebooth79@miller.org,112
79.8
389,,Both,2017-05-30,Pluymouth,frankiebooth79@miller.org,112
390,Frankie,Both,2007-05-03,,frankiebooth79@miller.org,112
63.0
394,Daiy,Young,2021-03-18,Newcastle-upon-Tyne,d.young@brown.comm,114
395,Young,Daisy,2020-03-18,Newcastle-upon-Tyne,d.young@rown.com,114
50.6
394,Daiy,Young,2021-03-18,Newcastle-upon-Tyne,d.young@brown.comm,114
396,Daisy,Young,2020-03-18,Newcastle-upon-Tyne,d.young@bownmco.,114
91.8
394,Daiy,Young,2021-03-18,Newcastle-upon-Tyne,d.young@brown.comm,114
397,Dasiy,Young,2020-03-18,Newcastle-upon-Tne,d.young@brown.com,114
92.8
394,Daiy,Young,2021-03-18,Newcastle-upon-Tyne,d.young@brown.comm,114
398,Daisy,Young,2020-03-18,Newcastle-upon-Tyne,d.yung@brwon.c@om,114
88.2
395,Young,Daisy,2020-03-18,Newcastle-upon-Tyne,d.young@rown.com,114
396,Daisy,Young,2020-03-18,Newcastle-upon-Tyne,d.young@bownmco.,114
60.8
395,Young,Daisy,2020-03-18,Newcastle-upon-Tyne,d.young@rown.com,114
398,Daisy,Young,2020-03-18,Newcastle-upon-Tyne,d.yung@brwon.c@om,114
52.2
396,Daisy,Young,2020-03-18,Newcastle-upon-Tyne,d.young@bownmco.,114
397,Dasiy,Young,2020-03-18,Newcastle-upon-Tne,d.young@brown.com,114
91.2
396,Daisy,Young,2020-03-18,Newcastle-upon-Tyne,d.young@bownmco.,114
398,Daisy,Young,2020-03-18,Newcastle-upon-Tyne,d.yung@brwon.c@om,114
99.6
397,Dasiy,Young,2020-03-18,Newcastle-upon-Tne,d.young@brown.com,114
398,Daisy,Young,2020-03-18,Newcastle-upon-Tyne,d.yung@brwon.c@om,114
87.6
399,Holly,Sott,2005-12-17,Manchester,hscott@owens.newt,115
400,Holly,Scott,2005-12-17,,hscot@owens.net,115
63.4
401,Joshua,Chambers,1995-03-10,Southend-on-Sea,jc@lee-cook.com,116
403,Joshua,,1995-03-10,Southend-eon-Sea,jc@lee-cook.com,116
79.6
401,Joshua,Chambers,1995-03-10,Southend-on-Sea,jc@lee-cook.com,116
404,,Chambers,1995-03-10,Southend-on-Sea,jc@lee-cook.com,116
87.8
403,Joshua,,1995-03-10,Southend-eon-Sea,jc@lee-cook.com,116
404,,Chambers,1995-03-10,Southend-on-Sea,jc@lee-cook.com,116
55.6
405,DetxDr,Evsna,1976-05-21,London,d.e@white-mendoza.com,117
406,Evans,Dexter,1986-06-18,London,d.e@white-mendoza.com,117
58.4
409,Harry,Marshall,2008-10-09,Nottingham,hm@torres-wilkinson.com,120
410,Harry,Marshall,2008-09-10,Nnotgintham,ihm@torres-wilkinson.com,120
66.0
413,Lucy,,1982-01-21,,ljames@rose-smith.info,122
414,Lucy,maJes,1983-01-22,,ljames@rose-smith.info,122
65.4
416,yRily,,1985-02-13,London,r.lee@fletcher.biz,123
418,Riley,Lee,1985-02-13,London,r.lee@fletcher.biz,123
72.4
416,yRily,,1985-02-13,London,r.lee@fletcher.biz,123
419,Riley,,1985-02-13,London,r.lee@fletcher.biz,123
72.4
416,yRily,,1985-02-13,London,r.lee@fletcher.biz,123
420,Riley,Lee,1985-02-13,London,,123
51.2
416,yRily,,1985-02-13,London,r.lee@fletcher.biz,123
487,Holly,Baker,1988-08-19,London,hollyb35@alvarado.com,145
51.6
417,Riley,Lee,1986-03-17,,r.lee@fletcher.biz,123
418,Riley,Lee,1985-02-13,London,r.lee@fletcher.biz,123
91.8
417,Riley,Lee,1986-03-17,,r.lee@fletcher.biz,123
419,Riley,,1985-02-13,London,r.lee@fletcher.biz,123
61.8
417,Riley,Lee,1986-03-17,,r.lee@fletcher.biz,123
420,Riley,Lee,1985-02-13,London,,123
70.6
417,Riley,Lee,1986-03-17,,r.lee@fletcher.biz,123
421,Riley,Lee,1985-02-13,,r.lee@fletcher.biz,123
91.8
418,Riley,Lee,1985-02-13,London,r.lee@fletcher.biz,123
419,Riley,,1985-02-13,London,r.lee@fletcher.biz,123
92.4
418,Riley,Lee,1985-02-13,London,r.lee@fletcher.biz,123
420,Riley,Lee,1985-02-13,London,,123
101.2
418,Riley,Lee,1985-02-13,London,r.lee@fletcher.biz,123
421,Riley,Lee,1985-02-13,,r.lee@fletcher.biz,123
98.4
418,Riley,Lee,1985-02-13,London,r.lee@fletcher.biz,123
487,Holly,Baker,1988-08-19,London,hollyb35@alvarado.com,145
51.6
419,Riley,,1985-02-13,London,r.lee@fletcher.biz,123
420,Riley,Lee,1985-02-13,London,,123
71.2
419,Riley,,1985-02-13,London,r.lee@fletcher.biz,123
421,Riley,Lee,1985-02-13,,r.lee@fletcher.biz,123
68.4
419,Riley,,1985-02-13,London,r.lee@fletcher.biz,123
487,Holly,Baker,1988-08-19,London,hollyb35@alvarado.com,145
51.6
420,Riley,Lee,1985-02-13,London,,123
421,Riley,Lee,1985-02-13,,r.lee@fletcher.biz,123
77.2
422,Hart,Max,2006-03-27,London,m.h9@morrison-proctor.com,124
423,Max,,2006-04-25,London,m.h9@morrison-proctor.com,124
69.2
424,Isabelle,Smith,1985-05-17,Sunderland,isabelles77@flores-sullivan.net,125
425,Isabelle,,1985-05-17,Sunderland,isabelles77@flores-sullivan.net,125
87.8
424,Isabelle,Smith,1985-05-17,Sunderland,isabelles77@flores-sullivan.net,125
426,Isabellae,Smith,1985-05-17,SunderlaSnd,i-sabelles77@flores-sulivan.net,125
88.8
424,Isabelle,Smith,1985-05-17,Sunderland,isabelles77@flores-sullivan.net,125
427,Isabelle,,1995-04-16,,isabelles77@flores-sullivan.net,125
59.0
425,Isabelle,,1985-05-17,Sunderland,isabelles77@flores-sullivan.net,125
426,Isabellae,Smith,1985-05-17,SunderlaSnd,i-sabelles77@flores-sulivan.net,125
63.8
425,Isabelle,,1985-05-17,Sunderland,isabelles77@flores-sullivan.net,125
427,Isabelle,,1995-04-16,,isabelles77@flores-sullivan.net,125
59.0
428,Mason,Brown,2009-12-02,Sheffield,mbrown30@bass.com,126
430,Manson,Brown,1999-12-05,Sheffield,,126
68.8
432,George,Logan,1993-07-06,Reaing,lgeorge92@walker-nelson.com,127
434,George,Logan,1993-07-06,Reading,,127
81.2
433,Logan,George,1993-08-05,Reading,lgeorge92@walker-nelson.com,127
435,Logan,George,1993-07-06,,leorlge92@walker-nelson.com,127
84.4
433,Logan,George,1993-08-05,Reading,lgeorge92@walker-nelson.com,127
436,Logan,George,1993-07-06,Reading,,127
90.2
435,Logan,George,1993-07-06,,leorlge92@walker-nelson.com,127
436,Logan,George,1993-07-06,Reading,,127
71.2
437,Setasbian,Stevens,1980-10-09,,sstevens2@williams-sanders.com,128
438,,Seevtns,1980-10-09,Walsall,sstevens2@williams-sanders.com,128
59.4
438,,Seevtns,1980-10-09,Walsall,sstevens2@williams-sanders.com,128
439,,Sstevens,1980-10-09,Walsall,sstevens2@witlliams-sanders.com,128
57.0
440,Benjamin,Arlond,1996-03-25,Edinburgh,benjaminarnold@lewis.org,129
441,Benjamin,,1996-03-25,Edinburgh,ebenjaminarnod@lewis.org,129
77.0
440,Benjamin,Arlond,1996-03-25,Edinburgh,benjaminarnold@lewis.org,129
442,Benjamin,,1996-03-25,Edinburgh,benjaminarnold@lewis.org,129
88.2
440,Benjamin,Arlond,1996-03-25,Edinburgh,benjaminarnold@lewis.org,129
443,Benjain,Arnold,1997-03-23,Edinburgh,benjaminarnold@lewis.org,129
91.2
441,Benjamin,,1996-03-25,Edinburgh,ebenjaminarnod@lewis.org,129
442,Benjamin,,1996-03-25,Edinburgh,benjaminarnold@lewis.org,129
77.0
441,Benjamin,,1996-03-25,Edinburgh,ebenjaminarnod@lewis.org,129
443,Benjain,Arnold,1997-03-23,Edinburgh,benjaminarnold@lewis.org,129
64.0
442,Benjamin,,1996-03-25,Edinburgh,benjaminarnold@lewis.org,129
443,Benjain,Arnold,1997-03-23,Edinburgh,benjaminarnold@lewis.org,129
75.2
444,Jacob,French,2014-06-22,Aberdeen,,130
445,Jacob,French,2014-06-22,,j.french@lewis.biz,130
71.2
446,Ellis,Hill,2020-03-10,Portsmouth,ellis.hill@frar.ierzcom,131
448,,Hill,2020-03-10,Portsmoutth,,131
66.8
450,Elijah,,2001-05-23,Londnon,ee17@wallace-cohen.com,132
451,Elijah,Elliott,2001-05-22,London,,132
57.4
450,Elijah,,2001-05-23,Londnon,ee17@wallace-cohen.com,132
452,Elijah,,2001-05-23,,ee17@wallace-cohen.com,132
67.2
450,Elijah,,2001-05-23,Londnon,ee17@wallace-cohen.com,132
454,Elijah,Elliott,2001-05-23,Lonon,ee17@wallace-coh.neocom,132
75.0
451,Elijah,Elliott,2001-05-22,London,,132
453,,Elliott,2001-05-23,Ldnoon,ee17ewallace-coh@n.com,132
59.4
451,Elijah,Elliott,2001-05-22,London,,132
454,Elijah,Elliott,2001-05-23,Lonon,ee17@wallace-coh.neocom,132
79.4
452,Elijah,,2001-05-23,,ee17@wallace-cohen.com,132
454,Elijah,Elliott,2001-05-23,Lonon,ee17@wallace-coh.neocom,132
61.6
453,,Elliott,2001-05-23,Ldnoon,ee17ewallace-coh@n.com,132
454,Elijah,Elliott,2001-05-23,Lonon,ee17@wallace-coh.neocom,132
72.2
455,Holly,Davies,1988-12-21,Leeds,hollyd89t@hamilton.com,133
456,Hloly,Davies,1988-01-23,,hoollyd89@hamilton.com,133
69.8
455,Holly,Davies,1988-12-21,Leeds,hollyd89t@hamilton.com,133
457,,Davies,1988-01-22,Lsede,,133
54.6
455,Holly,Davies,1988-12-21,Leeds,hollyd89t@hamilton.com,133
487,Holly,Baker,1988-08-19,London,hollyb35@alvarado.com,145
56.2
455,Holly,Davies,1988-12-21,Leeds,hollyd89t@hamilton.com,133
488,Holly,Baker,1978-09-21,,hollyb35@alvarado.com,145
50.4
461,William,Talor,2002-03-01,,w.t32@hamilton.com,136
462,Taylor,William,2002-03-01,,w.t32@hamilton.com,136
50.2
463,Lawrence,Freya,1986-11-26,Salford,,137
464,Lawrence,Freya,1985-11-27,,freya.l@powers-williamson.biz,137
65.6
465,yreFa,,1985-12-27,Salford,freya.l@powers-williamson.biz,137
466,,Lawrence,1985-11-27,Salford,freya.l@powers-williamson.biz,137
64.2
465,yreFa,,1985-12-27,Salford,freya.l@powers-williamson.biz,137
467,Freya,Lawrence,1986-12-26,Salford,freya.l@powers-williamson.biz,137
77.0
466,,Lawrence,1985-11-27,Salford,freya.l@powers-williamson.biz,137
467,Freya,Lawrence,1986-12-26,Salford,freya.l@powers-williamson.biz,137
82.6
468,Oliver,Woods,1987-05-18,Northampton,oliiverw62@gonzalez.biz,138
469,Oliver,,1997-05-15,Northampton,,138
63.8
468,Oliver,Woods,1987-05-18,Northampton,oliiverw62@gonzalez.biz,138
470,Oliver,Woods,1988-05-17,Norohampttn,oliverw62@gonzalez.biz,138
87.6
468,Oliver,Woods,1987-05-18,Northampton,oliiverw62@gonzalez.biz,138
471,Oliver,Woods,1987-05-18,Northampton,olierw62@gonzalez.biz,138
96.0
468,Oliver,Woods,1987-05-18,Northampton,oliiverw62@gonzalez.biz,138
472,,Woods,1987-05-18,Northampton,,138
69.2
469,Oliver,,1997-05-15,Northampton,,138
470,Oliver,Woods,1988-05-17,Norohampttn,oliverw62@gonzalez.biz,138
57.6
469,Oliver,,1997-05-15,Northampton,,138
471,Oliver,Woods,1987-05-18,Northampton,olierw62@gonzalez.biz,138
63.8
470,Oliver,Woods,1988-05-17,Norohampttn,oliverw62@gonzalez.biz,138
471,Oliver,Woods,1987-05-18,Northampton,olierw62@gonzalez.biz,138
87.6
470,Oliver,Woods,1988-05-17,Norohampttn,oliverw62@gonzalez.biz,138
472,,Woods,1987-05-18,Northampton,,138
60.8
471,Oliver,Woods,1987-05-18,Northampton,olierw62@gonzalez.biz,138
472,,Woods,1987-05-18,Northampton,,138
69.2
474,Eleanor,,1983-04-28,Birmingham,eleanor.l64@estrada.org,140
475,nEleanor,,1982-03-29,Birmingham,eleanor.l64@estrada.org,140
58.8
476,,Kay,2017-11-10,Liverpool,jaydenkaynmu@oz.com,141
477,aJayden,Kay,2017-10-12,Liverpool,,141
70.2
476,,Kay,2017-11-10,Liverpool,jaydenkaynmu@oz.com,141
478,Jayden,Kay,2017-11-10,Liverpool,,141
74.6
476,,Kay,2017-11-10,Liverpool,jaydenkaynmu@oz.com,141
479,Kay,Jayden,2017-11-10,Liverpool,jaydenkay@unozd.com,141
67.0
476,,Kay,2017-11-10,Liverpool,jaydenkaynmu@oz.com,141
480,,Kay,2017-11-10,Liverpool,jaydenkay@munoz.com,141
93.4
476,,Kay,2017-11-10,Liverpool,jaydenkaynmu@oz.com,141
481,Jayden,Kay,2017-11-10,Loiverpool,jaydenkay@munoz.com,141
75.4
477,aJayden,Kay,2017-10-12,Liverpool,,141
478,Jayden,Kay,2017-11-10,Liverpool,,141
70.2
477,aJayden,Kay,2017-10-12,Liverpool,,141
480,,Kay,2017-11-10,Liverpool,jaydenkay@munoz.com,141
70.2
477,aJayden,Kay,2017-10-12,Liverpool,,141
481,Jayden,Kay,2017-11-10,Loiverpool,jaydenkay@munoz.com,141
52.2
478,Jayden,Kay,2017-11-10,Liverpool,,141
479,Kay,Jayden,2017-11-10,Liverpool,jaydenkay@unozd.com,141
60.6
478,Jayden,Kay,2017-11-10,Liverpool,,141
480,,Kay,2017-11-10,Liverpool,jaydenkay@munoz.com,141
74.6
478,Jayden,Kay,2017-11-10,Liverpool,,141
481,Jayden,Kay,2017-11-10,Loiverpool,jaydenkay@munoz.com,141
80.6
479,Kay,Jayden,2017-11-10,Liverpool,jaydenkay@unozd.com,141
480,,Kay,2017-11-10,Liverpool,jaydenkay@munoz.com,141
68.2
479,Kay,Jayden,2017-11-10,Liverpool,jaydenkay@unozd.com,141
481,Jayden,Kay,2017-11-10,Loiverpool,jaydenkay@munoz.com,141
58.2
480,,Kay,2017-11-10,Liverpool,jaydenkay@munoz.com,141
481,Jayden,Kay,2017-11-10,Loiverpool,jaydenkay@munoz.com,141
77.8
482,Mohammed,Griffiths,1996-04-15,Derby,mohammedg@keith-johnston.biz,142
483,,Griffiths,1995-04-16,Derby,mohatmedg@keith-johnsmon.biz,142
84.4
482,Mohammed,Griffiths,1996-04-15,Derby,mohammedg@keith-johnston.biz,142
484,Mohammed,Griffiths,1995-06-17,Derby,mohammedg@keith-johnston.biz,142
106.6
483,,Griffiths,1995-04-16,Derby,mohatmedg@keith-johnsmon.biz,142
484,Mohammed,Griffiths,1995-06-17,Derby,mohammedg@keith-johnston.biz,142
84.4
487,Holly,Baker,1988-08-19,London,hollyb35@alvarado.com,145
488,Holly,Baker,1978-09-21,,hollyb35@alvarado.com,145
84.4
487,Holly,Baker,1988-08-19,London,hollyb35@alvarado.com,145
489,,,1978-09-21,London,hollyb35@alvarado.com,145
58.4
487,Holly,Baker,1988-08-19,London,hollyb35@alvarado.com,145
490,Hlly,Baker,1979-09-19,London,hollyb35@allvarado.com,145
85.0
488,Holly,Baker,1978-09-21,,hollyb35@alvarado.com,145
490,Hlly,Baker,1979-09-19,London,hollyb35@allvarado.com,145
61.0
493,poShie,Grant,1972-08-20,,sgrant12@obrien.net,147
494,oSphie,Grant,1972-09-19,,sgrant12@obrien.net,147
73.8
493,poShie,Grant,1972-08-20,,sgrant12@obrien.net,147
495,Sophie,Grant,1972-09-20,Stoke-on-Trent,sgrangt12@obrien.net,147
66.2
494,oSphie,Grant,1972-09-19,,sgrant12@obrien.net,147
495,Sophie,Grant,1972-09-20,Stoke-on-Trent,sgrangt12@obrien.net,147
64.0
