Home Postcode,Country of Residence,Sex,First Name,Last Name,Date of Birth,NHS ID
BL5 3SJ,England,female,Wilow,Smith,04/04/1988,Null
GL12 7EB,England,,Lydia,Pearson,23/08/1998,Null
BN8 6NB,England,male,Harry,Mcconaghy,23/02/1995,Null
YO21 2DF,England,male,Aiden,Harril,26/09/2001,Null
PL6 6NB,England,male,Bradley,Wilson,25/07/2001,Null
G75 9EQ,Scotland,female,Lacey,Dollin,12/03/2006,Null
EX31 2AP,England,male,Oliver,Piper,10/04/1986,Null
PR1 6SD,England,male,Taylor,Kirkby,15/04/1983,Null
,England,female,Pearl,King,24/11/1946,Null
TS6 0AS,England,female,Khadeejah,Hammond,26/12/1965,Null
BT15 5BB,Northern Ireland,female,Sophie,Phillips,04/07/1967,Null
DH6 3LS,England,male,Taylor,Hankin,22/01/1950,Null
S5 8TG,England,male,Joel,Ducks,22/08/1998,Null
TF2 7SH,England,male,Milo,Bowers,24/04/1980,Null
E14 3TP,England,male,Tyler,Williams,09/06/1968,Null
PR2 1SU,England,male,Harry,Mcnab,01/09/2017,Null
CH64 4AX,England,male,Charlie,Clark,15/06/2018,Null
YO31 7NZ,England,male,Diyan,Regan,23/09/2014,Null
NR5 9HE,England,male,Mohammed,Grogan,19/12/1958,Null
RG4 8RH,England,male,Kieran,Barrass,26/04/1958,Null
IP12 1PY,England,male,Carter,Myers,17/02/2008,Null
EX23 9PG,England,male,Kazim,Floate,23/11/1948,Null
DY2 9NN,England,female,Bianca,Davies,22/01/1987,Null
CT16 1NR,England,female,Heidi,Leigh,16/07/1976,Null
SA11 3ST,Wales,female,Tolulope,Curry,22/06/1964,Null
WD23 3NJ,England,female,Emily,Hudson,19/11/1993,Null
EX1 1TQ,England,male,Jaydon,Rodriguez,07/01/1969,Null
MK42 8RJ,England,male,Henry,,11/10/1989,Null
BS16 5NB,England,male,Harry,,30/06/1966,Null
RG29 1AE,England,male,Elijah,,28/01/1968,Null
MK2 3LZ,England,male,Leonard,Phillips,14/08/1982,Null
PO30 1ND,England,female,Cloe,Russell,11/08/2018,Null
SG5 4SX,England,female,Imogen,Arnott,29/07/1951,Null
BA4 6RD,England,male,Alfie,Charlton,05/08/1984,Null
B74 3BE,England,male,Lorenzo,Bannister,09/12/1963,Null
BT7 1LD,Northern Ireland,female,Lola,Aylett,10/10/1991,Null
AB35 5YX,Scotland,male,Mattia,Edge,05/05/2011,Null
SW15 5EZ,England,female,Saskia,Hobbs,28/06/2005,Null
AL6 9GR,England,male,Keith,Baddeley,12/08/1986,Null
BH8 9UQ,England,female,Sarah,Dean,14/02/1996,Null
EX14 4SY,England,male,Thomas,Sheppard,28/12/1992,Null
W12 8JW,England,female,Sophia,Cox,10/02/1967,Null
BN1 4GU,England,female,Emily,Bouckley,08/10/2007,Null
DT9 4DB,England,female,Emily,Marsden,31/10/2018,Null
ST21 6HS,England,female,Bethan,Rawkins,22/08/1930,Null
SY13 1RR,England,female,Evie,Jourdan,09/04/1959,Null
BH11 8LD,England,female,Paris,Williams,13/05/2012,Null
SN6 7RD,England,male,Francis,Balmforth,09/06/1990,Null
B69 9SZ,England,male,Sachin,Mac,06/09/1935,Null
PE19 5YH,England,male,Leon,Gammon,11/06/1947,Null
IP24 2HE,England,male,Adrian,Burke,,Null
BB7 4NF,England,female,Paige,Roussel,28/10/1978,Null
TN23 3PQ,England,female,Anjali,Rankin,22/11/1937,Null
B13 9YD,England,female,Lucy-Anne,Blandine,23/04/1931,Null
PO21 2NF,England,female,Chloe,Watson,20/06/2006,Null
NE28 9BF,England,female,Madeleine,Morgan,02/08/1932,Null
WS3 4BB,England,female,Mollie,Smith,19/03/1973,Null
B7 4AH,England,male,Reece,Beesley,20/11/1997,Null
NR13 3HP,England,female,Aisha,Leach,13/03/1933,Null
G12 0FF,Scotland,female,Ella,Ingle,23/06/1939,Null
KA1 4JZ,Scotland,male,Samuel,Gundy,12/08/1953,Null
KT13 9XR,England,female,Eleanor,Bartlett,01/08/2009,Null
W12 9NE,England,male,Kai,Pittaway,04/05/1972,Null
NR32 3AT,England,female,Kaitlin,Oconnell,18/04/1983,Null
BR6 9NW,England,male,Jacob,Levann,14/12/1960,Null
G67 1XW,Scotland,female,Aimee,Bicknell,26/02/1997,Null
LA19 5YB,England,male,Daniel,Turner,28/05/1982,Null
PE14 9JU,England,male,Josiah,Stainton,29/05/2011,Null
EH4 4FT,Scotland,female,Isabella,Thomas,13/06/1991,Null
CO7 6AW,England,female,Ava,Torrance,21/10/2018,Null
G72 8NF,Scotland,female,Josy,Thomas,13/02/2014,Null
SY15 6HD,Wales,female,Ella,Harper,26/12/2013,Null
L18 7JA,England,male,Eddie,Benjamin,31/12/2013,Null
WD17 1UN,England,female,Aizah,Lambton,28/03/1946,Null
KA24 5EJ,Scotland,male,Thomas,Scannell,22/09/1988,Null
EH4 4FT,Scotland,female,isabella,thomas,13/6/1991,9067458325
RG4 8RH,England,male,kieran,barrass,26/4/1958,5680491729
CM16 5DW,England,male,louis,flynn,12/5/1933,4502836192
WD17 1UN,England,female,aizah,lambton,28/3/1946,6472380953
SN6 7RD,England,male,francis,balmforth,9/6/1990,829651043
W12 9NE,England,male,kai,pittaway,4/5/1972,6780954233
B69 9SZ,England,male,sachin,mac,6/9/1935,8063574192
BA3 5YD,England,male,oliver,milligan,13/8/1964,2103675843
G67 1XW,Scotland,female,amy,bicknell,26/2/1997,902158476
B13 9YD,England,female,lucy anne,blandine,23/4/1931,6710983250
PO30 1ND,England,female,kloe,russell,11/8/2018,8639215707
G12 0FF,Scotland,female,ella,ingle,23/6/1939,7560184294
TN23 3PQ,England,female,anjali,rankin,22/11/1937,1453870695
BA4 6RD,England,male,alfie,charlton,5/8/1984,5406982370
PR2 1SU,England,male,harry,mcnab,1/9/2017,583124976
E16 1PR,England,female,emily,birkett,30/11/2010,890512674
TA18 7TL,England,female,eva,mcmann,5/11/1938,5723486195
SY15 6HD,Wales,female,ella,harper,26/12/2013,459216732
EX14 4SY,England,male,thomas,sheppard,28/12/1992,294153764
TS6 0AS,England,female,khadeejah,hammond,26/12/1965,537642188
AB35 5YX,Scotland,male,mattia,edge,5/5/2011,2685479031
IP12 1PY,England,male,carter,myers,17/2/2008,8052947367
B74 3BE,England,male,lorenzo,bannister,9/12/1963,2893564100
DY2 9NN,England,female,bianca,davies,22/1/1987,9214867038
B91 9XF,England,,yusef,hughes,29/2/1968,2736910842
CT16 1NR,England,female,heidi,leigh,16/7/1976,6549013283
SG5 4SX,England,female,imogen,arnot,29/7/1951,6342978050
WN3 5TT,England,female,hannah,beckett,17/6/1977,7962045183
ST21 6HS,England,female,bethan,rawkins,/8/1930,2039718648
L18 7JA,England,male,eddie,benjamin,31/12/2013
KT13 9XR,England,female,eleanor,bartlett,1/8/2009,8170625432
EX31 2AP,England,male,oliver,piper,10/4/1986,654071923
E14 3TP,England,male,tyler,williams,9/6/1968,4089712564
TF2 7SH,England,male,milo,bowers,24/4/1980,9201578431
BT15 5BB,Northern Ireland,female,sophie,phillips,4/7/1967,3215496070
EX1 1TQ,England,male,jaydon,rodriguez,7/1/1969,7139524602
BB1 5DT,England,male,zachary,pepperman,3/3/1978,263719456
SY13 1RR,England,female,evie,jordan,9/4/1959,5097418360
BS39 6EJ,England,male,jonathan,sutton,29/6/1939,8173059241
BN8 6NB,England,male,harry,mcconaghy,23/2/1995,3127584962
CH64 4AX,England,male,charlie,clark,15/6/2018,7129830646
BR6 9NW,England,male,jacob,levann,14/12/1960,3564927816
PE19 5YH,England,male,leon,gamon,11/6/1947,351649875
HU9 4QR,England,male,dalton,goodridge,14/11/1935,5380271642
BS16 5NB,England,male,harry,fenwick,30/6/1966,6157239484
GL12 7EB,England,female,lydia,,23/8/1998,7425891034
SN8 3SA,England,female,zubaida,kaur,8/6/,8431597062
NR5 9HE,England,male,mohammed,grogan,19/12/1958,4302987154
MK42 8RJ,England,male,henry,haines,11/10/1989,2137685949
ST3 5QF,England,female,rana,love,24/8/1963,1603982477
EX23 9PG,England,male,kazim,floate,23/1/1948,6495231083
PR1 6SD,England,male,taylor,kirkby,15/4/1983,5027684932
KA24 5EJ,Scotland,male,thomas,scannell,22/9/1988,2356789014
KA1 4JZ,Scotland,male,samuel,gundy,12/8/1953,4981063253
IP24 2HE,England,male,adrian,burke,29/5/1985,4098167239
AL6 9GR,England,male,keith,baddeley,12/8/1986,6781304259
NR13 3HP,England,female,aisha,leach,13/3/1933,8175942606
DT9 4DB,England,female,emilee,marsden,31/10/2018,1728650933
BT92 6LA,Northern Ireland,male,mohamed,warwick,16/6/1975,1463290578
BH8 9UQ,England,female,sarah,dean,14/2/1996,8605973420
DN5 7DE,England,male,jacob,michel,14/1/1967,5184902732
PL6 6NB,England,male,bradley,wilson,25/7/2001,6207439589
NE28 9BF,England,female,madeleine,morgan,2/8/1932,365420189
YO31 7NZ,England,male,diyan,regan,23/9/2014,9748305619
IG1 4HX,England,male,,aron,13//1961,7192543683
BH11 8LD,England,female,paris,williams,13/5/2012,923675841
BT40 2JZ,Northern Ireland,female,ruby,white,24/3/2017,456781323
WS3 4BB,England,female,molly,smith,19/3/1973,2768015946
,England,female,caitlin,o'connell,18/4/1983,2194063579
L7 7AP,England,female,keely,aslam,18/1/1945,1407256831
BT7 1LD,Northern Ireland,female,lola,aylett,10/10/1991,879325410
BN13 2HL,England,female,amber,penney,11/4/1939,8964031571
WD233NJ,England,female,emily,hudson,19/11/1993,3148062574
LA19 5YB,England,male,daniel,turner,28/5/1982,7539426101
MK2 3LZ,England,male,leonard,phillips,14/8/1982,5709162434
B7 4AH,England,male,reece,,20/11/1997,6813972405
SW155EZ,England,female,saskia,hobbs,28/6/2005,2087319642
ST16 1XD,England,male,sebastian,edwards,10/10/2016,2391654081
PE34 3NF,England,female,zaina,mcquarrie,8/1/2019,4609813254
