Home Postcode,Country of Residence,Sex,First Name,Last Name,Date of Birth
BL5 3SJ,England,female,Wilow,Smith,04/04/1988
GL12 7EB,England,,Lydia,Pearson,23/08/1998
BN8 6NB,England,male,Harry,Mcconaghy,23/02/1995
YO21 2DF,England,male,Aiden,Harril,26/09/2001
PL6 6NB,England,male,Bradley,Wilson,25/07/2001
G75 9EQ,Scotland,female,Lacey,Dollin,12/03/2006
EX31 2AP,England,male,Oliver,Piper,10/04/1986
PR1 6SD,England,male,Taylor,Kirkby,15/04/1983
,England,female,Pearl,King,24/11/1946
TS6 0AS,England,female,Khadeejah,Hammond,26/12/1965
BT15 5BB,Northern Ireland,female,Sophie,Phillips,04/07/1967
DH6 3LS,England,male,Taylor,Hankin,22/01/1950
S5 8TG,England,male,Joel,Ducks,22/08/1998
TF2 7SH,England,male,Milo,Bowers,24/04/1980
E14 3TP,England,male,Tyler,Williams,09/06/1968
PR2 1SU,England,male,Harry,Mcnab,01/09/2017
CH64 4AX,England,male,Charlie,Clark,15/06/2018
YO31 7NZ,England,male,Diyan,Regan,23/09/2014
NR5 9HE,England,male,Mohammed,Grogan,19/12/1958
RG4 8RH,England,male,Kieran,Barrass,26/04/1958
IP12 1PY,England,male,Carter,Myers,17/02/2008
EX23 9PG,England,male,Kazim,Floate,23/11/1948
DY2 9NN,England,female,Bianca,Davies,22/01/1987
CT16 1NR,England,female,Heidi,Leigh,16/07/1976
SA11 3ST,Wales,female,Tolulope,Curry,22/06/1964
WD23 3NJ,England,female,Emily,Hudson,19/11/1993
EX1 1TQ,England,male,Jaydon,Rodriguez,07/01/1969
MK42 8RJ,England,male,Henry,,11/10/1989
BS16 5NB,England,male,Harry,,30/06/1966
RG29 1AE,England,male,Elijah,,28/01/1968
MK2 3LZ,England,male,Leonard,Phillips,14/08/1982
PO30 1ND,England,female,Cloe,Russell,11/08/2018
SG5 4SX,England,female,Imogen,Arnott,29/07/1951
BA4 6RD,England,male,Alfie,Charlton,05/08/1984
B74 3BE,England,male,Lorenzo,Bannister,09/12/1963
BT7 1LD,Northern Ireland,female,Lola,Aylett,10/10/1991
AB35 5YX,Scotland,male,Mattia,Edge,05/05/2011
SW15 5EZ,England,female,Saskia,Hobbs,28/06/2005
AL6 9GR,England,male,Keith,Baddeley,12/08/1986
BH8 9UQ,England,female,Sarah,Dean,14/02/1996
EX14 4SY,England,male,Thomas,Sheppard,28/12/1992
W12 8JW,England,female,Sophia,Cox,10/02/1967
BN1 4GU,England,female,Emily,Bouckley,08/10/2007
DT9 4DB,England,female,Emily,Marsden,31/10/2018
ST21 6HS,England,female,Bethan,Rawkins,22/08/1930
SY13 1RR,England,female,Evie,Jourdan,09/04/1959
BH11 8LD,England,female,Paris,Williams,13/05/2012
SN6 7RD,England,male,Francis,Balmforth,09/06/1990
B69 9SZ,England,male,Sachin,Mac,06/09/1935
PE19 5YH,England,male,Leon,Gammon,11/06/1947
IP24 2HE,England,male,Adrian,Burke,
BB7 4NF,England,female,Paige,Roussel,28/10/1978
TN23 3PQ,England,female,Anjali,Rankin,22/11/1937
B13 9YD,England,female,Lucy-Anne,Blandine,23/04/1931
PO21 2NF,England,female,Chloe,Watson,20/06/2006
NE28 9BF,England,female,Madeleine,Morgan,02/08/1932
WS3 4BB,England,female,Mollie,Smith,19/03/1973
B7 4AH,England,male,Reece,Beesley,20/11/1997
NR13 3HP,England,female,Aisha,Leach,13/03/1933
G12 0FF,Scotland,female,Ella,Ingle,23/06/1939
KA1 4JZ,Scotland,male,Samuel,Gundy,12/08/1953
KT13 9XR,England,female,Eleanor,Bartlett,01/08/2009
W12 9NE,England,male,Kai,Pittaway,04/05/1972
NR32 3AT,England,female,Kaitlin,Oconnell,18/04/1983
BR6 9NW,England,male,Jacob,Levann,14/12/1960
G67 1XW,Scotland,female,Aimee,Bicknell,26/02/1997
LA19 5YB,England,male,Daniel,Turner,28/05/1982
PE14 9JU,England,male,Josiah,Stainton,29/05/2011
EH4 4FT,Scotland,female,Isabella,Thomas,13/06/1991
CO7 6AW,England,female,Ava,Torrance,21/10/2018
G72 8NF,Scotland,female,Josy,Thomas,13/02/2014
SY15 6HD,Wales,female,Ella,Harper,26/12/2013
L18 7JA,England,male,Eddie,Benjamin,31/12/2013
WD17 1UN,England,female,Aizah,Lambton,28/03/1946
KA24 5EJ,Scotland,male,Thomas,Scannell,22/09/1988
